year,last_name, first_name,pitcher_id,team_name,team_name_abbrev,pitch_hand,avg_speed,pitches_thrown,total_pitches,pitches_per_game,pitch_per,pitch_type,pitch_type_name,pitcher_break_z,league_break_z,diff_z,rise,pitcher_break_x,league_break_x,diff_x,tail,percent_rank_diff_z,percent_rank_diff_x
2020,Lamet, Dinelson,659275,Padres,SD,R,86.5,559,1046,17.433333333333334,0.5344168260038241,SL,Slider,34.4,-34.1,0.2,1,4.3,3.8,0.5,14,0.5133531157270029,0.5786350148367952
2020,Corbin, Patrick,571578,Nationals,WSH,L,79.2,430,1068,17.8,0.40262172284644193,SL,Slider,42.8,-44.1,-1.3,-3,3.8,7.4,-3.6,-49,0.32047477744807124,0.12166172106824925
2020,deGrom, Jacob,594798,Mets,NYM,R,92.5,403,1135,18.916666666666668,0.35506607929515416,SL,Slider,26.7,-27,-0.3,-1,3.7,3.2,0.5,16,0.4391691394658754,0.5786350148367952
2020,Singer, Brady,663903,Royals,KC,R,83.1,401,1071,17.85,0.37441643323996265,SL,Slider,41.1,-39.3,1.8,5,4.8,6.7,-1.9,-28,0.6884272997032641,0.29376854599406527
2020,Maeda, Kenta,628317,Twins,MIN,R,82.9,382,986,16.433333333333334,0.38742393509127787,SL,Slider,33.4,-39,-5.6,-14,3.2,6.4,-3.2,-50,0.026706231454005934,0.14836795252225518
2020,Wisler, Matt,605538,Twins,MIN,R,81.3,378,453,7.55,0.8344370860927153,SL,Slider,42.7,-41.1,1.6,4,11.1,7.4,3.6,49,0.6735905044510386,0.8605341246290801
2020,Keller, Brad,641745,Royals,KC,R,84.6,328,858,14.3,0.3822843822843823,SL,Slider,43.5,-36.6,7,19,6.2,4.5,1.7,38,0.973293768545994,0.7477744807121661
2020,Kershaw, Clayton,477132,Dodgers,LAD,L,87.9,327,888,14.8,0.36824324324324326,SL,Slider,27.4,-32.4,-5,-16,4.7,3.4,1.2,35,0.05341246290801187,0.6913946587537092
2020,Cease, Dylan,656302,White Sox,CWS,R,85,327,1085,18.083333333333332,0.3013824884792627,SL,Slider,42,-36.1,5.9,16,7,4.6,2.4,53,0.9406528189910979,0.8189910979228486
2020,Ray, Robbie,592662,Blue Jays,TOR,L,86.6,312,1064,17.733333333333334,0.2932330827067669,SL,Slider,29.3,-34.2,-4.9,-14,0.1,4,-4,-98,0.05637982195845697,0.10979228486646884
2020,Carrasco, Carlos,471911,Guardians,CLE,R,86,298,1101,18.35,0.2706630336058129,SL,Slider,36.2,-35.3,0.9,3,3.8,4.8,-1,-20,0.5875370919881305,0.4035608308605341
2020,Richards, Garrett,572070,Padres,SD,R,88.5,298,788,13.133333333333333,0.37817258883248733,SL,Slider,37.7,-32,5.6,18,3,3.4,-0.4,-11,0.9317507418397626,0.4658753709198813
2020,Cole, Gerrit,543037,Yankees,NYY,R,88.7,296,1203,20.05,0.2460515378221114,SL,Slider,31,-31.8,-0.7,-2,5,3.6,1.4,40,0.3857566765578635,0.712166172106825
2020,Sheffield, Justus,656954,Mariners,SEA,L,81.8,295,880,14.666666666666666,0.3352272727272727,SL,Slider,42.1,-39.9,2.2,6,5.7,7.4,-1.7,-23,0.7477744807121661,0.32344213649851633
2020,Tanaka, Masahiro,547888,Yankees,NYY,R,84,290,769,12.816666666666666,0.37711313394018203,SL,Slider,35.6,-37.8,-2.2,-6,2.9,6.1,-3.1,-52,0.228486646884273,0.16913946587537093
2020,Porcello, Rick,519144,Mets,NYM,R,86.2,287,983,16.383333333333333,0.29196337741607326,SL,Slider,29,-34.4,-5.4,-16,2.7,3.9,-1.2,-31,0.032640949554896145,0.3768545994065282
2020,Senzatela, Antonio,622608,Rockies,COL,R,86.4,282,1136,18.933333333333334,0.2482394366197183,SL,Slider,34.6,-34.5,0.1,0,5.2,4.2,1,23,0.5014836795252225,0.6706231454005934
2020,Gibson, Kyle,502043,Rangers,TEX,R,82.9,280,1139,18.983333333333334,0.24582967515364354,SL,Slider,40.5,-39.4,1.1,3,5.4,5.7,-0.3,-5,0.6112759643916914,0.4807121661721068
2020,Mahle, Tyler,641816,Reds,CIN,R,86.9,278,852,14.2,0.32629107981220656,SL,Slider,32.8,-34.1,-1.2,-4,3.7,4.4,-0.8,-18,0.33827893175074186,0.42433234421364985
2020,Kuhl, Chad,641771,Pirates,PIT,R,87.7,275,789,13.15,0.3485424588086185,SL,Slider,33.2,-32.8,0.3,1,4,4,0,0,0.5311572700296736,0.5252225519287834
2020,Williams, Trevor,592866,Pirates,PIT,R,82.7,271,1017,16.95,0.2664700098328417,SL,Slider,40.2,-40,0.2,1,7.1,7.3,-0.1,-2,0.5133531157270029,0.5192878338278932
2020,Freeland, Kyle,607536,Rockies,COL,L,86.2,266,1124,18.733333333333334,0.23665480427046262,SL,Slider,31.9,-35,-3.1,-9,1.9,4.8,-3,-62,0.1394658753709199,0.18100890207715134
2020,Dobnak, Randy,677976,Twins,MIN,R,83.4,264,748,12.466666666666667,0.35294117647058826,SL,Slider,39.2,-37.9,1.3,3,1.6,6.2,-4.6,-75,0.6320474777448071,0.06528189910979229
2020,Brubaker, JT,664141,Pirates,PIT,R,87.5,260,804,13.4,0.32338308457711445,SL,Slider,33,-33,0,0,1.6,3.5,-1.9,-53,0.47477744807121663,0.29376854599406527
2020,Bundy, Dylan,605164,Angels,LAA,R,79.9,255,1018,16.966666666666665,0.2504911591355599,SL,Slider,43.7,-42.8,0.9,2,4.3,8.5,-4.3,-50,0.5875370919881305,0.08605341246290801
2020,Fiers, Mike,571666,Athletics,OAK,R,84.3,251,916,15.266666666666667,0.2740174672489083,SL,Slider,26.5,-36.8,-10.2,-28,0.9,4.4,-3.5,-80,0.002967359050445104,0.13056379821958458
2020,Boyd, Matthew,571510,Tigers,DET,L,79.3,246,1086,18.724137931034484,0.2265193370165746,SL,Slider,46.8,-43.3,3.6,8,3.4,10,-6.6,-66,0.8545994065281899,0.01483679525222552
2020,Antone, Tejay,622088,Reds,CIN,R,83.4,240,593,9.883333333333333,0.40472175379426645,SL,Slider,40.3,-38.8,1.5,4,7.2,6.5,0.7,12,0.6676557863501483,0.6350148367952523
2020,Barría, Jaime,642545,Angels,LAA,R,83.9,234,511,8.516666666666667,0.45792563600782776,SL,Slider,33.9,-37.5,-3.6,-10,3.8,5.1,-1.3,-25,0.11275964391691394,0.3590504451038576
2020,Scherzer, Max,453286,Nationals,WSH,R,85.5,234,1213,20.216666666666665,0.19291014014839242,SL,Slider,34.9,-36.2,-1.3,-4,4.1,5.3,-1.2,-22,0.32047477744807124,0.3768545994065282
2020,Montas, Frankie,593423,Athletics,OAK,R,86.1,229,914,15.233333333333333,0.25054704595185995,SL,Slider,35.1,-34.6,0.5,1,5.9,4,2,49,0.5489614243323442,0.7774480712166172
2020,Javier, Cristian,664299,Astros,HOU,R,78.8,226,889,14.816666666666666,0.2542182227221597,SL,Slider,41.1,-43.9,-2.8,-6,12.5,10.4,2.2,21,0.16023738872403562,0.7952522255192879
2020,Holland, Greg,518813,Royals,KC,R,85.9,226,447,7.45,0.5055928411633109,SL,Slider,35.8,-35,0.8,2,4.8,4.2,0.6,15,0.56973293768546,0.6053412462908012
2020,Howard, Sam,607572,Pirates,PIT,L,84.6,225,361,6.016666666666667,0.6232686980609419,SL,Slider,32.5,-36.4,-3.9,-11,2,4.7,-2.7,-57,0.09495548961424333,0.21068249258160238
2020,Kinley, Tyler,641755,Rockies,COL,R,89.4,222,371,6.183333333333334,0.5983827493261455,SL,Slider,30.6,-30.6,0,0,3.1,2.8,0.3,10,0.47477744807121663,0.5519287833827893
2020,Canning, Griffin,656288,Angels,LAA,R,86.6,219,965,16.083333333333332,0.22694300518134716,SL,Slider,38.8,-34.2,4.6,13,0.5,3.5,-4.1,-115,0.9050445103857567,0.10089020771513353
2020,Romo, Sergio,489265,Twins,MIN,R,75.9,217,364,6.066666666666666,0.5961538461538461,SL,Slider,40.4,-43.8,-3.4,-8,15.8,13.5,2.3,17,0.12462908011869436,0.8100890207715133
2020,Plesac, Zach,668676,Guardians,CLE,R,86.3,216,776,12.933333333333334,0.27835051546391754,SL,Slider,30.9,-34.6,-3.7,-11,1.7,4.2,-2.5,-59,0.10682492581602374,0.2195845697329377
2020,Jackson, Luke,592426,Braves,ATL,R,86.4,213,488,8.133333333333333,0.4364754098360656,SL,Slider,42.1,-34.6,7.5,22,2.1,4,-1.8,-46,0.9821958456973294,0.3026706231454006
2020,Selman, Sam,572125,Giants,SF,L,80,213,361,6.016666666666667,0.590027700831025,SL,Slider,41.1,-42.8,-1.8,-4,12.8,8.9,3.9,44,0.27299703264094954,0.8694362017804155
2020,Clevinger, Mike,605182,Padres,SD,R,81.7,210,649,10.816666666666666,0.3235747303543914,SL,Slider,40.9,-41.1,-0.2,0,13.3,7.6,5.7,76,0.4421364985163205,0.9258160237388724
2020,Peterson, David,656849,Mets,NYM,L,81.3,210,812,13.533333333333333,0.25862068965517243,SL,Slider,43.2,-41.4,1.8,4,6.8,7.5,-0.7,-9,0.6884272997032641,0.4391691394658754
2020,Barlow, Scott,605130,Royals,KC,R,83.5,209,507,8.45,0.41222879684418146,SL,Slider,41,-38.9,2.1,5,7.7,7,0.8,11,0.7240356083086054,0.6468842729970327
2020,Castillo, Diego,650895,Rays,TB,R,86.2,207,320,5.333333333333333,0.646875,SL,Slider,35.2,-34.5,0.7,2,3.8,3.5,0.3,7,0.5578635014836796,0.5519287833827893
2020,Márquez, Germán,608566,Rockies,COL,R,87.9,207,1226,20.433333333333334,0.16884176182707994,SL,Slider,31,-32.5,-1.6,-5,0.5,2.6,-2.2,-82,0.2878338278931751,0.26706231454005935
2020,Flaherty, Jack,656427,Cardinals,STL,R,84.4,206,719,12.39655172413793,0.2865090403337969,SL,Slider,35.3,-37.7,-2.3,-6,6.4,5.9,0.5,9,0.2195845697329377,0.5786350148367952
2020,Harper, Ryne,607560,Nationals,WSH,R,74.7,205,408,6.8,0.5024509803921569,SL,Slider,55.1,-51.3,3.7,7,12.6,12.3,0.3,2,0.8605341246290801,0.5519287833827893
2020,Castillo, Luis,622491,Reds,CIN,R,86.8,204,1153,19.216666666666665,0.1769297484822203,SL,Slider,35.8,-33.8,2,6,0,3.2,-3.2,-101,0.7032640949554896,0.14836795252225518
2020,Minor, Mike,501985,Athletics,OAK,L,85.6,202,979,16.316666666666666,0.20633299284984677,SL,Slider,35.3,-35.3,-0.1,0,6,4.3,1.7,38,0.456973293768546,0.7477744807121661
2020,Mayers, Mike,594577,Angels,LAA,R,85.3,202,512,8.533333333333333,0.39453125,SL,Slider,36.9,-35.7,1.2,3,3.1,4.4,-1.3,-29,0.6261127596439169,0.3590504451038576
2020,Turnbull, Spencer,605513,Tigers,DET,R,85.3,201,963,16.603448275862068,0.2087227414330218,SL,Slider,38.6,-36.1,2.5,7,6.7,5,1.6,33,0.7774480712166172,0.7240356083086054
2020,Fairbanks, Pete,664126,Rays,TB,R,87.2,200,490,8.166666666666666,0.40816326530612246,SL,Slider,40.5,-35.1,5.4,15,2.9,3.5,-0.6,-17,0.9258160237388724,0.44807121661721067
2020,Almonte, Yency,622075,Rockies,COL,R,84.4,200,446,7.433333333333334,0.4484304932735426,SL,Slider,39,-37.6,1.4,4,5,5.7,-0.7,-12,0.6498516320474778,0.4391691394658754
2020,Newberry, Jake,623470,Royals,KC,R,83.3,198,387,6.45,0.5116279069767442,SL,Slider,40.6,-38.4,2.2,6,5,5.7,-0.6,-11,0.7477744807121661,0.44807121661721067
2020,Cessa, Luis,570666,Yankees,NYY,R,83.7,196,360,6,0.5444444444444444,SL,Slider,40.1,-37.6,2.5,7,3.1,5.2,-2.2,-41,0.7774480712166172,0.26706231454005935
2020,DeSclafani, Anthony,543101,Reds,CIN,R,86.1,194,602,10.033333333333333,0.3222591362126246,SL,Slider,38.2,-35.1,3.1,9,4.2,4.8,-0.6,-13,0.827893175074184,0.44807121661721067
2020,Altavilla, Dan,656186,Padres,SD,R,90,193,363,6.05,0.5316804407713499,SL,Slider,26.6,-29.2,-2.6,-9,0.9,2.1,-1.2,-56,0.18397626112759644,0.3768545994065282
2020,Bauer, Trevor,545333,Reds,CIN,R,80.7,192,1165,19.416666666666668,0.1648068669527897,SL,Slider,45.3,-41.8,3.5,8,17.5,8.7,8.8,102,0.8486646884272997,0.9881305637982196
2020,Gray, Jon,592351,Rockies,COL,R,86.3,192,658,10.966666666666667,0.2917933130699088,SL,Slider,32.4,-34.7,-2.4,-7,2.9,4.4,-1.5,-34,0.20771513353115728,0.34718100890207715
2020,Kim, Kwang Hyun,547942,Cardinals,STL,L,83.2,191,613,10.568965517241379,0.31158238172920066,SL,Slider,36.5,-39.1,-2.6,-7,5.3,6.6,-1.3,-20,0.18397626112759644,0.3590504451038576
2020,Walker, Taijuan,592836,Blue Jays,TOR,R,85.2,190,884,14.733333333333333,0.2149321266968326,SL,Slider,33.6,-35.7,-2.1,-6,4.9,4.4,0.5,11,0.2344213649851632,0.5786350148367952
2020,Clarke, Taylor,664199,D-backs,AZ,R,86.3,190,703,11.716666666666667,0.2702702702702703,SL,Slider,33.8,-34.3,-0.4,-1,4.5,3.9,0.6,14,0.42433234421364985,0.6053412462908012
2020,Hartlieb, Geoff,664129,Pirates,PIT,R,82.7,186,409,6.816666666666666,0.4547677261613692,SL,Slider,42.3,-39.6,2.8,7,11.9,6.1,5.8,95,0.8219584569732937,0.9287833827893175
2020,Hernández, Jonathan,642546,Rangers,TEX,R,89.2,186,497,8.283333333333333,0.37424547283702214,SL,Slider,30,-31.2,-1.2,-4,4.3,3.4,0.8,25,0.33827893175074186,0.6468842729970327
2020,Fried, Max,608331,Braves,ATL,L,84,186,899,14.983333333333333,0.20689655172413793,SL,Slider,39,-37.7,1.3,3,12.2,5.6,6.6,116,0.6320474777448071,0.9495548961424333
2020,Cishek, Steve,518553,White Sox,CWS,R,78.2,186,374,6.233333333333333,0.49732620320855614,SL,Slider,47.5,-46.9,0.6,1,13,13.2,-0.3,-2,0.5548961424332344,0.4807121661721068
2020,Eflin, Zach,621107,Phillies,PHI,R,88.5,185,913,15.216666666666667,0.20262869660460023,SL,Slider,28.8,-31.9,-3.1,-10,1.5,3.8,-2.4,-61,0.1394658753709199,0.2344213649851632
2020,Hand, Brad,543272,Guardians,CLE,L,79.6,184,363,6.05,0.5068870523415978,SL,Slider,44.3,-43.3,1,2,15.9,8.4,7.5,89,0.6023738872403561,0.9673590504451038
2020,Ynoa, Huascar,660623,Braves,ATL,R,86,184,395,6.583333333333333,0.46582278481012657,SL,Slider,38.3,-34.6,3.7,11,1.1,3.8,-2.8,-72,0.8605341246290801,0.20178041543026706
2020,Díaz, Edwin,621242,Mets,NYM,R,89.6,182,483,8.05,0.37681159420289856,SL,Slider,29.3,-29.9,-0.6,-2,1.2,2.9,-1.7,-59,0.39762611275964393,0.32344213649851633
2020,Junis, Jakob,596001,Royals,KC,R,80.1,182,394,6.566666666666666,0.4619289340101523,SL,Slider,45.7,-42.5,3.2,7,16.3,8.3,8,96,0.8367952522255193,0.9792284866468842
2020,Alcala, Jorge,660896,Twins,MIN,R,88.6,179,403,6.716666666666667,0.4441687344913151,SL,Slider,30.8,-31.2,-0.5,-2,3.7,3.3,0.4,11,0.41543026706231456,0.56973293768546
2020,Giolito, Lucas,608337,White Sox,CWS,R,84.9,178,1214,20.233333333333334,0.14662273476112025,SL,Slider,34.2,-36.6,-2.4,-7,3.5,4.6,-1.1,-23,0.20771513353115728,0.39465875370919884
2020,Quantrill, Cal,615698,Guardians,CLE,R,86.1,178,504,8.4,0.3531746031746032,SL,Slider,37.2,-34.7,2.6,7,3.2,4,-0.8,-20,0.7863501483679525,0.42433234421364985
2020,Cole, A.J.,595918,Blue Jays,TOR,R,83.5,177,390,6.5,0.45384615384615384,SL,Slider,33.2,-38.7,-5.4,-14,1.7,6.2,-4.5,-73,0.032640949554896145,0.0771513353115727
2020,Pineda, Michael,501381,Twins,MIN,R,82.4,175,455,7.583333333333333,0.38461538461538464,SL,Slider,39.9,-40,-0.1,0,0.5,6.2,-5.7,-92,0.456973293768546,0.02967359050445104
2020,Darvish, Yu,506433,Cubs,CHC,R,82,174,1153,19.216666666666665,0.15091066782307025,SL,Slider,42.7,-40.4,2.2,5,14.9,7.5,7.3,97,0.7477744807121661,0.9643916913946587
2020,Fry, Paul,643316,Orioles,BAL,L,84.8,172,376,6.266666666666667,0.4574468085106383,SL,Slider,43.1,-36.9,6.2,17,15,5.5,9.5,171,0.9554896142433235,0.9940652818991098
2020,Wheeler, Zack,554430,Phillies,PHI,R,89.8,171,1078,17.966666666666665,0.15862708719851576,SL,Slider,31,-30.3,0.8,2,4.3,3.5,0.8,22,0.56973293768546,0.6468842729970327
2020,Greinke, Zack,425844,Astros,HOU,R,84.5,170,1060,17.666666666666668,0.16037735849056603,SL,Slider,32.6,-36.7,-4.2,-11,6.6,4.8,1.8,38,0.0830860534124629,0.7626112759643917
2020,Ramirez, Yohan,670990,Mariners,SEA,R,81.9,168,420,7,0.4,SL,Slider,37.6,-40.4,-2.8,-7,17.7,8.8,8.9,100,0.16023738872403562,0.9910979228486647
2020,Curtiss, John,595928,Rays,TB,R,85.2,167,384,6.4,0.4348958333333333,SL,Slider,36,-36.2,-0.2,-1,5.3,4.7,0.6,13,0.4421364985163205,0.6053412462908012
2020,Jones, Nate,518858,Reds,CIN,R,88,167,361,6.016666666666667,0.4626038781163435,SL,Slider,30.5,-32.5,-2,-6,1,3.2,-2.2,-69,0.2433234421364985,0.26706231454005935
2020,Garrett, Amir,607237,Reds,CIN,L,85,166,299,4.983333333333333,0.5551839464882943,SL,Slider,34.5,-36.5,-2,-6,0.3,5.1,-4.7,-94,0.2433234421364985,0.05341246290801187
2020,Brault, Steven,643230,Pirates,PIT,L,83,166,746,12.433333333333334,0.2225201072386059,SL,Slider,41.6,-39.6,2,5,6.3,6.6,-0.3,-5,0.7032640949554896,0.4807121661721068
2020,Arrieta, Jake,453562,Phillies,PHI,R,88.8,166,729,12.15,0.22770919067215364,SL,Slider,27.6,-31.5,-3.9,-12,3.6,3.1,0.5,16,0.09495548961424333,0.5786350148367952
2020,Roark, Tanner,543699,Blue Jays,TOR,R,84.2,164,901,15.016666666666667,0.18201997780244172,SL,Slider,31,-37.4,-6.4,-17,3.1,5.4,-2.3,-42,0.017804154302670624,0.2551928783382789
2020,Musgrove, Joe,605397,Pirates,PIT,R,82.5,163,673,11.216666666666667,0.24219910846953938,SL,Slider,41.9,-39.8,2.1,5,13.5,6,7.6,127,0.7240356083086054,0.9703264094955489
2020,Hoyt, James,624586,Marlins,MIA,R,80.5,163,244,4.066666666666666,0.6680327868852459,SL,Slider,41,-42.3,-1.3,-3,2.3,7.6,-5.3,-70,0.32047477744807124,0.032640949554896145
2020,Duffy, Danny,518633,Royals,KC,L,82.6,162,943,15.716666666666667,0.17179215270413573,SL,Slider,41.1,-40,1.1,3,4.8,6.9,-2.1,-30,0.6112759643916914,0.2818991097922849
2020,Rogers, Tyler,643511,Giants,SF,R,71.4,161,458,7.633333333333334,0.35152838427947597,SL,Slider,41.6,-41.6,0,0,12.8,12.9,0,0,0.47477744807121663,0.5252225519287834
2020,Thompson, Ryan,657044,Rays,TB,R,76.5,161,419,6.983333333333333,0.38424821002386633,SL,Slider,38.5,-40.7,-2.1,-5,17.2,14,3.2,23,0.2344213649851632,0.8486646884272997
2020,Hernandez, Elieser,622694,Marlins,MIA,R,79.1,159,453,7.55,0.3509933774834437,SL,Slider,33,-43.6,-10.6,-24,11.9,10.4,1.5,15,0,0.7210682492581603
2020,Ottavino, Adam,493603,Yankees,NYY,R,81,159,339,5.65,0.4690265486725664,SL,Slider,40.3,-41.2,-0.9,-2,17.9,9.8,8.2,84,0.37091988130563797,0.9821958456973294
2020,Gray, Sonny,543243,Reds,CIN,R,82.8,157,968,16.133333333333333,0.1621900826446281,SL,Slider,45.4,-39.6,5.8,15,16.8,6.8,10,147,0.9376854599406528,1
2020,Peralta, Wandy,593974,Giants,SF,L,87.5,156,488,8.133333333333333,0.319672131147541,SL,Slider,31,-33,-2,-6,1.4,3.5,-2,-59,0.2433234421364985,0.2878338278931751
2020,Wright, Kyle,657140,Braves,ATL,R,88.2,155,641,10.683333333333334,0.24180967238689546,SL,Slider,29.6,-32.1,-2.6,-8,2.2,3.4,-1.2,-35,0.18397626112759644,0.3768545994065282
2020,Rogers, Taylor,573124,Twins,MIN,L,81.2,155,358,5.966666666666667,0.4329608938547486,SL,Slider,40.7,-40.7,0,0,13.4,7.9,5.4,68,0.47477744807121663,0.913946587537092
2020,Zuber, Tyler,676604,Royals,KC,R,83.9,154,412,6.866666666666666,0.3737864077669903,SL,Slider,40.5,-37.8,2.7,7,8.2,6.2,2,33,0.8011869436201781,0.7774480712166172
2020,Díaz, Jairo,545064,Rockies,COL,R,85.2,153,364,6.066666666666666,0.42032967032967034,SL,Slider,40.2,-35.7,4.5,13,1.7,4.4,-2.8,-62,0.8991097922848664,0.20178041543026706
2020,Mazza, Chris,607391,Red Sox,BOS,R,82.2,150,538,8.966666666666667,0.2788104089219331,SL,Slider,40.4,-40.4,0,0,7.8,7.7,0.1,2,0.47477744807121663,0.5341246290801187
2020,Sandoval, Patrick,663776,Angels,LAA,L,84.6,150,598,9.966666666666667,0.2508361204013378,SL,Slider,35.4,-36.5,-1.1,-3,6.6,4.4,2.2,49,0.35311572700296734,0.7952522255192879
2020,Bass, Anthony,542914,Blue Jays,TOR,R,85.8,150,385,6.416666666666667,0.38961038961038963,SL,Slider,37.5,-35.4,2.1,6,4.8,4.7,0.2,3,0.7240356083086054,0.5370919881305638
2020,Williams, Taylor,592865,Padres,SD,R,85.9,149,272,4.533333333333333,0.5477941176470589,SL,Slider,35.4,-35.2,0.2,1,0.5,3.6,-3.1,-86,0.5133531157270029,0.16913946587537093
2020,Anderson, Shaun,641312,Giants,SF,R,88.3,148,277,4.616666666666666,0.5342960288808665,SL,Slider,32.2,-32.2,0,0,5.8,3.8,2,54,0.47477744807121663,0.7774480712166172
2020,Castro, Miguel,612434,Mets,NYM,R,86.8,148,475,7.916666666666667,0.31157894736842107,SL,Slider,34.1,-34.2,-0.1,0,6.8,4.6,2.2,48,0.456973293768546,0.7952522255192879
2020,Pressly, Ryan,519151,Astros,HOU,R,88.9,148,353,5.883333333333334,0.4192634560906516,SL,Slider,33,-31.4,1.6,5,5.1,3.2,2,61,0.6735905044510386,0.7774480712166172
2020,Smith, Josh A.,595001,Marlins,MIA,R,86.6,147,426,7.1,0.34507042253521125,SL,Slider,29.1,-34.5,-5.5,-16,5.5,4.5,1,23,0.02967359050445104,0.6706231454005934
2020,Happ, J.A.,457918,Yankees,NYY,L,84.2,147,787,13.116666666666667,0.18678526048284624,SL,Slider,33.7,-37.2,-3.5,-9,2.7,5,-2.4,-47,0.12166172106824925,0.2344213649851632
2020,Stratton, Chris,608717,Pirates,PIT,R,86.7,146,547,9.116666666666667,0.26691042047531993,SL,Slider,35.6,-34.2,1.4,4,5.4,4.3,1.1,26,0.6498516320474778,0.685459940652819
2020,Alcantara, Sandy,645261,Marlins,MIA,R,87.3,146,662,11.033333333333333,0.22054380664652568,SL,Slider,33.6,-33.3,0.3,1,2.6,3.8,-1.2,-31,0.5311572700296736,0.3768545994065282
2020,Cisnero, José,542585,Tigers,DET,R,86.7,145,519,8.948275862068966,0.279383429672447,SL,Slider,35.6,-34.5,1.1,3,4.3,4.5,-0.2,-4,0.6112759643916914,0.5014836795252225
2020,Wojciechowski, Asher,592879,Orioles,BAL,R,79.7,145,674,11.233333333333333,0.21513353115727002,SL,Slider,43.6,-42.9,0.7,2,13.5,9.7,3.8,39,0.5578635014836796,0.8664688427299704
2020,Rondón, Héctor,444468,D-backs,AZ,R,85.4,144,390,6.5,0.36923076923076925,SL,Slider,37.7,-36.1,1.6,5,5.7,5,0.7,13,0.6735905044510386,0.6350148367952523
2020,Bieber, Shane,669456,Guardians,CLE,R,84.5,144,1238,20.633333333333333,0.11631663974151858,SL,Slider,42,-37.5,4.5,12,1.3,5.7,-4.3,-76,0.8991097922848664,0.08605341246290801
2020,Diekman, Jake,518617,Athletics,OAK,L,82.5,143,354,5.9,0.403954802259887,SL,Slider,39.7,-39.7,0,0,14,7,7,101,0.47477744807121663,0.9614243323442137
2020,McGowin, Kyle,641851,Nationals,WSH,R,81.9,142,199,3.316666666666667,0.7135678391959799,SL,Slider,39.9,-40.8,-0.8,-2,8.4,6.7,1.8,27,0.3768545994065282,0.7626112759643917
2020,Romano, Jordan,605447,Blue Jays,TOR,R,89.1,142,237,3.95,0.5991561181434599,SL,Slider,34.1,-32,2.1,7,3.5,3.8,-0.3,-8,0.7240356083086054,0.4807121661721068
2020,Brasier, Ryan,518489,Red Sox,BOS,R,86.2,140,424,7.066666666666666,0.330188679245283,SL,Slider,35.3,-35,0.2,1,6.4,4.6,1.8,38,0.5133531157270029,0.7626112759643917
2020,Goody, Nick,580792,Rangers,TEX,R,81.5,140,246,4.1,0.5691056910569106,SL,Slider,38.6,-40.9,-2.3,-6,7.2,7.7,-0.4,-6,0.2195845697329377,0.4658753709198813
2020,Peña, Félix,570240,Angels,LAA,R,84.8,139,460,7.666666666666667,0.30217391304347824,SL,Slider,35.3,-36.5,-1.2,-3,2,4.9,-6.9,-141,0.33827893175074186,0.008902077151335312
2020,Cody, Kyle,621129,Rangers,TEX,R,83.1,137,370,6.166666666666667,0.37027027027027026,SL,Slider,45.1,-38.9,6.1,16,4.3,5.7,-1.4,-25,0.9495548961424333,0.35311572700296734
2020,Bacus, Dakota,621290,Nationals,WSH,R,85.2,136,225,3.75,0.6044444444444445,SL,Slider,35.9,-35.6,0.3,1,3.3,4,-0.7,-17,0.5311572700296736,0.4391691394658754
2020,Familia, Jeurys,544727,Mets,NYM,R,89.6,135,455,7.583333333333333,0.2967032967032967,SL,Slider,27.1,-30.5,-3.4,-11,1,2.6,-3.6,-139,0.12462908011869436,0.12166172106824925
2020,Eshelman, Thomas,664045,Orioles,BAL,R,77.9,135,529,8.816666666666666,0.2551984877126654,SL,Slider,41.4,-45,-3.6,-8,8.7,11.1,-2.4,-22,0.11275964391691394,0.2344213649851632
2020,Webb, Logan,657277,Giants,SF,R,81.4,135,998,16.633333333333333,0.13527054108216433,SL,Slider,42.4,-41.1,1.3,3,12.1,8.2,3.9,47,0.6320474777448071,0.8694362017804155
2020,Scott, Tanner,656945,Orioles,BAL,L,88.3,134,345,5.75,0.3884057971014493,SL,Slider,36,-32.5,3.5,11,5.2,3.8,1.4,37,0.8486646884272997,0.712166172106825
2020,Lindblom, Josh,458676,Brewers,MIL,R,75.8,134,793,13.216666666666667,0.16897856242118536,SL,Slider,47.9,-48.6,-0.7,-1,16.2,12.6,3.7,29,0.3857566765578635,0.8635014836795252
2020,May, Trevor,543507,Twins,MIN,R,85.3,134,411,6.85,0.3260340632603406,SL,Slider,40.7,-36.3,4.3,12,4.8,5.2,-0.4,-8,0.8931750741839762,0.4658753709198813
2020,Snell, Blake,605483,Rays,TB,L,87.3,134,872,14.533333333333333,0.1536697247706422,SL,Slider,32.8,-34.5,-1.8,-5,3.9,3.6,0.3,9,0.27299703264094954,0.5519287833827893
2020,Castellani, Ryan,624418,Rockies,COL,R,85,133,757,12.616666666666667,0.17569352708058125,SL,Slider,35.3,-36.7,-1.3,-4,3.3,5.6,-2.3,-42,0.32047477744807124,0.2551928783382789
2020,Ginkel, Kevin,656464,D-backs,AZ,R,84.1,133,340,5.666666666666667,0.3911764705882353,SL,Slider,39.8,-37.8,2,5,3.3,4.9,-1.6,-32,0.7032640949554896,0.34421364985163205
2020,Dunn, Justin,643290,Mariners,SEA,R,82.9,132,801,13.35,0.1647940074906367,SL,Slider,40.1,-39.5,0.7,2,6.9,6.7,0.2,4,0.5578635014836796,0.5370919881305638
2020,Oviedo, Johan,670912,Cardinals,STL,R,84.9,132,444,7.655172413793103,0.2972972972972973,SL,Slider,37.3,-37,0.4,1,6.5,5.2,1.3,26,0.543026706231454,0.7062314540059347
2020,Santana, Dennis,642701,Dodgers,LAD,R,84.3,131,284,4.733333333333333,0.4612676056338028,SL,Slider,40.1,-37,3.1,8,4.7,5.1,-0.4,-7,0.827893175074184,0.4658753709198813
2020,Kickham, Mike,592464,Red Sox,BOS,L,85.2,130,262,4.366666666666666,0.4961832061068702,SL,Slider,34.4,-36.4,-2,-6,5.4,5.2,0.2,3,0.2433234421364985,0.5370919881305638
2020,Woodruff, Brandon,605540,Brewers,MIL,R,88.2,129,1211,20.183333333333334,0.10652353426919901,SL,Slider,34.2,-32.3,1.9,6,2.9,3.8,-0.9,-25,0.6973293768545994,0.4124629080118694
2020,Burnes, Corbin,669203,Brewers,MIL,R,86.7,128,1010,16.833333333333332,0.12673267326732673,SL,Slider,35.6,-34.1,1.5,4,7.8,4.3,3.5,81,0.6676557863501483,0.8545994065281899
2020,López, Yoan,661255,D-backs,AZ,R,85.7,128,286,4.766666666666667,0.44755244755244755,SL,Slider,38.4,-35.7,2.7,8,6.1,4.5,1.6,36,0.8011869436201781,0.7240356083086054
2020,Ureña, José,570632,Marlins,MIA,R,85.6,128,396,6.6,0.32323232323232326,SL,Slider,32.8,-35.5,-2.7,-8,2,4.7,-2.6,-56,0.17210682492581603,0.2166172106824926
2020,Zimmer, Kyle,622092,Royals,KC,R,82.9,128,373,6.216666666666667,0.34316353887399464,SL,Slider,37.7,-39.3,-1.6,-4,2.4,6.5,-4.1,-63,0.2878338278931751,0.10089020771513353
2020,Kikuchi, Yusei,579328,Mariners,SEA,L,83.3,127,795,13.25,0.15974842767295597,SL,Slider,40.7,-39.1,1.6,4,1.6,6.2,-4.7,-75,0.6735905044510386,0.05341246290801187
2020,Alexander, Tyler,641302,Tigers,DET,L,82.6,125,599,10.327586206896552,0.20868113522537562,SL,Slider,41,-39.7,1.3,3,5.2,6.9,-1.7,-24,0.6320474777448071,0.32344213649851633
2020,Lyles, Jordan,543475,Rangers,TEX,R,85.6,125,993,16.55,0.12588116817724068,SL,Slider,33.3,-35.6,-2.3,-7,4.6,4.4,0.2,4,0.2195845697329377,0.5370919881305638
2020,Bard, Daniel,453268,Rockies,COL,R,87.6,125,404,6.733333333333333,0.3094059405940594,SL,Slider,34,-33.2,0.8,2,6.2,4,2.2,56,0.56973293768546,0.7952522255192879
2020,Rogers, Trevor,669432,Marlins,MIA,L,81,124,568,9.466666666666667,0.21830985915492956,SL,Slider,38.6,-41.6,-3.1,-7,1.4,8.7,-7.3,-84,0.1394658753709199,0.002967359050445104
2020,Dunning, Dane,641540,White Sox,CWS,R,81.5,124,571,9.516666666666667,0.2171628721541156,SL,Slider,45.8,-41.1,4.7,12,2.9,7.7,-4.8,-62,0.9080118694362018,0.04747774480712166
2020,Miller, Andrew,453192,Cardinals,STL,L,80.1,123,205,3.5344827586206895,0.6,SL,Slider,42.7,-41.9,0.8,2,12.7,10.5,2.1,20,0.56973293768546,0.7922848664688428
2020,Fulmer, Michael,605242,Tigers,DET,R,87.6,123,528,9.10344827586207,0.23295454545454544,SL,Slider,30.2,-32.8,-2.6,-8,4.5,3.7,0.8,21,0.18397626112759644,0.6468842729970327
2020,Castano, Daniel,641447,Marlins,MIA,L,79.4,122,474,7.9,0.25738396624472576,SL,Slider,43.5,-43.5,0,0,7.3,9.1,-1.9,-21,0.47477744807121663,0.29376854599406527
2020,López, Reynaldo,625643,White Sox,CWS,R,82.7,122,503,8.383333333333333,0.24254473161033796,SL,Slider,38.5,-39.7,-1.2,-3,4.2,6.7,-2.5,-37,0.33827893175074186,0.2195845697329377
2020,Borucki, Ryan,621366,Blue Jays,TOR,L,86.6,122,322,5.366666666666666,0.37888198757763975,SL,Slider,32.6,-34.3,-1.6,-5,3.3,4.3,-1,-23,0.2878338278931751,0.4035608308605341
2020,Stripling, Ross,548389,Blue Jays,TOR,R,85.8,122,815,13.583333333333334,0.14969325153374233,SL,Slider,33.7,-35.1,-1.4,-4,4.8,4.5,0.3,8,0.314540059347181,0.5519287833827893
2020,Hembree, Heath,592390,Phillies,PHI,R,87.6,121,363,6.05,0.3333333333333333,SL,Slider,29.1,-33.1,-4,-12,3,4.1,-1.1,-27,0.09198813056379822,0.39465875370919884
2020,Pérez, Oliver,424144,Guardians,CLE,L,76.1,121,281,4.683333333333334,0.4306049822064057,SL,Slider,48.4,-46.4,2,4,9.8,12.7,-2.9,-23,0.7032640949554896,0.18991097922848665
2020,Hader, Josh,623352,Brewers,MIL,L,80.3,120,372,6.2,0.3225806451612903,SL,Slider,42.7,-41.8,0.9,2,7.5,9.9,-2.4,-24,0.5875370919881305,0.2344213649851632
2020,Iglesias, Raisel,628452,Reds,CIN,R,84.8,120,361,6.016666666666667,0.33240997229916897,SL,Slider,34.6,-36.6,-2,-5,10.1,5.1,5,97,0.2433234421364985,0.9050445103857567
2020,Hudson, Dakota,641712,Cardinals,STL,R,88.3,119,589,10.155172413793103,0.20203735144312393,SL,Slider,29.2,-31.9,-2.7,-9,0.2,3.4,-3.6,-105,0.17210682492581603,0.12166172106824925
2020,Smith, Will,519293,Braves,ATL,L,81.6,119,252,4.2,0.4722222222222222,SL,Slider,38.7,-41.2,-2.6,-6,7.4,6.8,0.6,9,0.18397626112759644,0.6053412462908012
2020,Jiménez, Joe,641729,Tigers,DET,R,83.9,119,389,6.706896551724138,0.3059125964010283,SL,Slider,37.7,-38.2,-0.5,-1,5.8,6,-0.2,-4,0.41543026706231456,0.5014836795252225
2020,Gonsolin, Tony,664062,Dodgers,LAD,R,87.5,118,705,11.75,0.1673758865248227,SL,Slider,33.7,-33,0.7,2,3.9,3.4,0.6,17,0.5578635014836796,0.6053412462908012
2020,Floro, Dylan,571670,Dodgers,LAD,R,88,117,371,6.183333333333334,0.31536388140161725,SL,Slider,28.1,-32.5,-4.4,-14,0.4,3.6,-3.2,-89,0.06824925816023739,0.14836795252225518
2020,Slegers, Aaron,642083,Rays,TB,R,84.8,117,387,6.45,0.3023255813953488,SL,Slider,34.1,-36.8,-2.8,-8,2.3,4.8,-2.5,-52,0.16023738872403562,0.2195845697329377
2020,Reed, Cody,642003,Rays,TB,L,87.4,117,236,3.933333333333333,0.4957627118644068,SL,Slider,35.8,-33.6,2.2,7,6,4.3,1.7,40,0.7477744807121661,0.7477744807121661
2020,Rainey, Tanner,663432,Nationals,WSH,R,87.1,117,299,4.983333333333333,0.391304347826087,SL,Slider,38.3,-33.5,4.9,15,4.1,3.9,0.2,6,0.9198813056379822,0.5370919881305638
2020,Pearson, Nate,663878,Blue Jays,TOR,R,84.5,117,324,5.4,0.3611111111111111,SL,Slider,40,-37.5,2.6,7,6.6,5.5,1.2,21,0.7863501483679525,0.6913946587537092
2020,Gallegos, Giovanny,606149,Cardinals,STL,R,85.4,116,229,3.9482758620689653,0.5065502183406113,SL,Slider,37.3,-35.4,2,6,2.3,4.1,-1.8,-44,0.7032640949554896,0.3026706231454006
2020,Manaea, Sean,640455,Athletics,OAK,L,77.4,116,812,13.533333333333333,0.14285714285714285,SL,Slider,46.5,-45.4,1.1,2,6.3,11.2,-4.9,-44,0.6112759643916914,0.04154302670623145
2020,Civale, Aaron,650644,Guardians,CLE,R,82.2,114,1201,20.016666666666666,0.09492089925062448,SL,Slider,42,-39.9,2,5,7.5,6.7,0.8,12,0.7032640949554896,0.6468842729970327
2020,Estévez, Carlos,608032,Rockies,COL,R,86.9,114,436,7.266666666666667,0.26146788990825687,SL,Slider,36.1,-34,2.1,6,5.1,4.2,1,23,0.7240356083086054,0.6706231454005934
2020,Houser, Adrian,605288,Brewers,MIL,R,85.6,113,922,15.366666666666667,0.12255965292841649,SL,Slider,35.1,-35.8,-0.7,-2,5.2,4.7,0.5,11,0.3857566765578635,0.5786350148367952
2020,Cueto, Johnny,456501,Giants,SF,R,84.8,112,1145,19.083333333333332,0.09781659388646288,SL,Slider,30.5,-36.5,-6.1,-17,1,5.4,-4.4,-81,0.020771513353115726,0.0830860534124629
2020,O'Day, Darren,503285,Braves,ATL,R,78.3,112,261,4.35,0.42911877394636017,SL,Slider,43.1,-40.5,2.6,7,7.9,11.5,-3.5,-31,0.7863501483679525,0.13056379821958458
2020,McKenzie, Triston,663474,Guardians,CLE,R,86.3,111,550,9.166666666666666,0.2018181818181818,SL,Slider,31.4,-34.9,-3.6,-10,2.7,4.2,-1.4,-35,0.11275964391691394,0.35311572700296734
2020,Bedrosian, Cam,592135,Angels,LAA,R,81.2,111,241,4.016666666666667,0.4605809128630705,SL,Slider,48.7,-41.4,7.3,18,4.8,7.2,-2.4,-33,0.9792284866468842,0.2344213649851632
2020,Wendelken, J.B.,605525,Athletics,OAK,R,85.3,110,427,7.116666666666666,0.2576112412177986,SL,Slider,37.9,-35.9,2.1,6,6.3,4.7,1.6,34,0.7240356083086054,0.7240356083086054
2020,Springs, Jeffrey,605488,Red Sox,BOS,L,83,110,405,6.75,0.2716049382716049,SL,Slider,40.9,-39.2,1.7,4,4.2,6.3,-2.1,-34,0.685459940652819,0.2818991097922849
2020,Herget, Jimmy,623474,Rangers,TEX,R,82.9,109,350,5.833333333333333,0.31142857142857144,SL,Slider,38.5,-39.1,-0.6,-1,5.1,5.9,-0.8,-13,0.39762611275964393,0.42433234421364985
2020,Margevicius, Nick,676606,Mariners,SEA,L,84.2,108,679,11.316666666666666,0.15905743740795286,SL,Slider,33.4,-37.7,-4.3,-11,3.8,5.5,-1.7,-31,0.0771513353115727,0.32344213649851633
2020,Rodríguez, Richard,593144,Pirates,PIT,R,81.3,108,392,6.533333333333333,0.2755102040816326,SL,Slider,46.6,-41.5,5.1,12,6.9,7.7,-0.9,-11,0.9228486646884273,0.4124629080118694
2020,Martinez, Carlos,593372,Cardinals,STL,R,82.8,108,402,6.931034482758621,0.26865671641791045,SL,Slider,38.3,-38.7,-0.4,-1,11.9,6.5,5.3,82,0.42433234421364985,0.9109792284866469
2020,Norris, Daniel,596057,Tigers,DET,L,85.4,106,490,8.448275862068966,0.2163265306122449,SL,Slider,37.4,-35.4,2,6,4.6,3.8,0.9,23,0.7032640949554896,0.6646884272997032
2020,Lorenzen, Michael,547179,Reds,CIN,R,85,106,608,10.133333333333333,0.17434210526315788,SL,Slider,39.4,-36.3,3.1,9,8.7,4.8,3.9,81,0.827893175074184,0.8694362017804155
2020,Brewer, Colten,605155,Red Sox,BOS,R,89.1,105,506,8.433333333333334,0.2075098814229249,SL,Slider,28.6,-30.4,-1.8,-6,4.7,3.1,1.6,51,0.27299703264094954,0.7240356083086054
2020,Hill, Cam,657611,Guardians,CLE,R,83.9,105,291,4.85,0.36082474226804123,SL,Slider,37.6,-38.2,-0.6,-2,9.8,5.5,4.3,78,0.39762611275964393,0.8931750741839762
2020,González, Victor,624647,Dodgers,LAD,L,84.4,104,290,4.833333333333333,0.3586206896551724,SL,Slider,38.7,-36.9,1.8,5,3.1,5.4,-2.3,-42,0.6884272997032641,0.2551928783382789
2020,Treinen, Blake,595014,Dodgers,LAD,R,88.4,104,396,6.6,0.26262626262626265,SL,Slider,37.8,-31.8,6,19,3.4,2.9,0.6,20,0.9436201780415431,0.6053412462908012
2020,Teheran, Julio,527054,Angels,LAA,R,81,103,572,9.533333333333333,0.18006993006993008,SL,Slider,38.1,-41.1,-2.9,-7,3.7,8.2,-4.6,-55,0.1572700296735905,0.06528189910979229
2020,Weber, Ryan,543901,Red Sox,BOS,R,77.6,103,645,10.75,0.15968992248062017,SL,Slider,51,-46.3,4.8,10,17.8,12.3,5.5,45,0.9169139465875371,0.9169139465875371
2020,Matzek, Tyler,554431,Braves,ATL,L,82.9,101,483,8.05,0.20910973084886128,SL,Slider,46.4,-39.4,7,18,7.5,6.1,1.4,23,0.973293768545994,0.712166172106825
2020,Funkhouser, Kyle,608335,Tigers,DET,R,86.3,100,319,5.5,0.31347962382445144,SL,Slider,36.8,-34.7,2.1,6,4.5,4.5,0,-1,0.7240356083086054,0.5252225519287834
2020,Morgan, Adam,605388,Phillies,PHI,L,81.5,100,219,3.65,0.45662100456621,SL,Slider,36.7,-40.6,-3.9,-10,8.2,7.6,0.6,7,0.09495548961424333,0.6053412462908012
2020,Schreiber, John,670167,Tigers,DET,R,77.6,97,281,4.844827586206897,0.34519572953736655,SL,Slider,43.8,-41.2,2.6,6,15.3,12.8,2.5,20,0.7863501483679525,0.8249258160237388
2020,Hearn, Taylor,621368,Rangers,TEX,L,83.7,97,352,5.866666666666666,0.2755681818181818,SL,Slider,34.4,-38.1,-3.7,-10,5.8,5.4,0.4,8,0.10682492581602374,0.56973293768546
2020,Perdomo, Luis,606131,Padres,SD,R,86.3,96,276,4.6,0.34782608695652173,SL,Slider,37.7,-34.4,3.2,9,1,4,-3,-75,0.8367952522255193,0.18100890207715134
2020,Mills, Alec,621219,Cubs,CHC,R,77.5,95,945,15.75,0.10052910052910052,SL,Slider,48.1,-45.4,2.7,6,16.5,11.4,5.2,45,0.8011869436201781,0.9080118694362018
2020,Buttrey, Ty,621142,Angels,LAA,R,82.2,95,428,7.133333333333334,0.2219626168224299,SL,Slider,42.9,-39.6,3.3,8,0.6,5.1,-4.5,-88,0.8427299703264095,0.0771513353115727
2020,Woodford, Jake,663765,Cardinals,STL,R,84.4,95,360,6.206896551724138,0.2638888888888889,SL,Slider,39.8,-37.3,2.5,7,3.9,5.7,-1.8,-32,0.7774480712166172,0.3026706231454006
2020,Houck, Tanner,656557,Red Sox,BOS,R,82.2,94,265,4.416666666666667,0.35471698113207545,SL,Slider,40.7,-40.1,0.5,1,13.9,7.4,6.5,89,0.5489614243323442,0.9436201780415431
2020,Paredes, Enoli,660600,Astros,HOU,R,85.5,94,362,6.033333333333333,0.2596685082872928,SL,Slider,34.9,-36,-1.1,-3,9.2,5.3,4,75,0.35311572700296734,0.884272997032641
2020,García, Jarlín,606424,Giants,SF,L,83.5,94,284,4.733333333333333,0.33098591549295775,SL,Slider,38.8,-38.5,0.3,1,6.6,6,0.6,10,0.5311572700296736,0.6053412462908012
2020,Skubal, Tarik,669373,Tigers,DET,L,86.1,93,591,10.189655172413794,0.15736040609137056,SL,Slider,34.3,-34.7,-0.4,-1,2.4,4.2,-1.8,-42,0.42433234421364985,0.3026706231454006
2020,Sims, Lucas,608371,Reds,CIN,R,83.1,93,464,7.733333333333333,0.20043103448275862,SL,Slider,40.9,-38.2,2.7,7,13.3,6.4,6.9,107,0.8011869436201781,0.9584569732937686
2020,Hart, Kyle,606996,Red Sox,BOS,L,82.9,92,260,4.333333333333333,0.35384615384615387,SL,Slider,37.5,-39.2,-1.7,-4,6.1,6.3,-0.2,-3,0.28486646884273,0.5014836795252225
2020,Heuer, Codi,676051,White Sox,CWS,R,87.8,92,374,6.233333333333333,0.24598930481283424,SL,Slider,32.4,-32.9,-0.5,-2,3.7,4.1,-0.4,-10,0.41543026706231456,0.4658753709198813
2020,Lugo, Seth,607625,Mets,NYM,R,87.7,92,610,10.166666666666666,0.15081967213114755,SL,Slider,28.6,-33.2,-4.5,-14,2.9,3.8,-0.9,-23,0.06528189910979229,0.4124629080118694
2020,Stashak, Cody,664054,Twins,MIN,R,82,91,223,3.716666666666667,0.4080717488789238,SL,Slider,35.2,-40,-4.8,-12,8.7,6.9,1.8,26,0.05934718100890208,0.7626112759643917
2020,Finnegan, Kyle,640448,Nationals,WSH,R,87.2,87,419,6.983333333333333,0.20763723150357996,SL,Slider,29.5,-33.6,-4.1,-12,5.1,4.1,1,23,0.08902077151335312,0.6706231454005934
2020,Greene, Shane,572888,Braves,ATL,R,80.6,87,398,6.633333333333334,0.2185929648241206,SL,Slider,37.7,-42,-4.2,-10,14.7,8.2,6.6,81,0.0830860534124629,0.9495548961424333
2020,Detwiler, Ross,446321,White Sox,CWS,L,83.3,86,311,5.183333333333334,0.2765273311897106,SL,Slider,39.4,-38,1.4,4,1.4,4.9,-3.4,-71,0.6498516320474778,0.1394658753709199
2020,Yamaguchi, Shun,685493,Blue Jays,TOR,R,81.6,86,502,8.366666666666667,0.17131474103585656,SL,Slider,37.7,-40.8,-3.1,-8,5,8,-3.1,-38,0.1394658753709199,0.16913946587537093
2020,García, Rony,665621,Tigers,DET,R,86,84,393,6.775862068965517,0.21374045801526717,SL,Slider,32.4,-35.2,-2.8,-8,3.6,4.8,-1.1,-24,0.16023738872403562,0.39465875370919884
2020,Keller, Mitch,656605,Pirates,PIT,R,86.9,84,385,6.416666666666667,0.21818181818181817,SL,Slider,31.6,-33.3,-1.8,-5,4.3,3.6,0.7,18,0.27299703264094954,0.6350148367952523
2020,Dolis, Rafael,503569,Blue Jays,TOR,R,84,84,414,6.9,0.2028985507246377,SL,Slider,40.9,-37.5,3.4,9,6.7,5,1.6,32,0.8456973293768546,0.7240356083086054
2020,Graterol, Brusdar,660813,Dodgers,LAD,R,89.1,84,291,4.85,0.28865979381443296,SL,Slider,29.1,-31.2,-2.1,-7,7.1,2.7,4.4,163,0.2344213649851632,0.8961424332344213
2020,Gomber, Austin,596295,Cardinals,STL,L,85.9,83,526,9.068965517241379,0.15779467680608364,SL,Slider,34.2,-35.7,-1.5,-4,5.2,4,1.2,30,0.3086053412462908,0.6913946587537092
2020,Anderson, Brett,474463,Brewers,MIL,L,82.2,83,752,12.533333333333333,0.11037234042553191,SL,Slider,46,-40,6,15,2.5,6.6,-4,-61,0.9436201780415431,0.10979228486646884
2020,Thorpe, Lewis,626929,Twins,MIN,L,81.9,82,272,4.533333333333333,0.3014705882352941,SL,Slider,38.2,-40.7,-2.5,-6,5.7,7.5,-1.7,-23,0.20474777448071216,0.32344213649851633
2020,Hendriks, Liam,521230,Athletics,OAK,R,86.8,82,370,6.166666666666667,0.22162162162162163,SL,Slider,33.4,-34.4,-1,-3,1.3,4.2,-2.9,-69,0.3620178041543027,0.18991097922848665
2020,Shoemaker, Matt,533167,Blue Jays,TOR,R,81.4,82,446,7.433333333333334,0.18385650224215247,SL,Slider,39.5,-41.2,-1.6,-4,5.3,7.2,-1.8,-25,0.2878338278931751,0.3026706231454006
2020,Gerber, Joey,680702,Mariners,SEA,R,83.8,81,233,3.8833333333333333,0.34763948497854075,SL,Slider,32.3,-37.5,-5.2,-14,4.6,5.9,-1.3,-22,0.04747774480712166,0.3590504451038576
2020,Elledge, Seth,676220,Cardinals,STL,R,83.2,81,231,3.9827586206896552,0.35064935064935066,SL,Slider,46.8,-39,7.7,20,3.3,6.3,-3,-48,0.9851632047477745,0.18100890207715134
2020,Wood, Alex,622072,Dodgers,LAD,L,84.6,80,282,4.7,0.28368794326241137,SL,Slider,38,-36.9,1.2,3,0.6,5.5,-6.1,-111,0.6261127596439169,0.017804154302670624
2020,Soto, Gregory,642397,Tigers,DET,L,87.7,80,394,6.793103448275862,0.20304568527918782,SL,Slider,31.8,-32.9,-1.1,-3,3.8,4.1,-0.2,-6,0.35311572700296734,0.5014836795252225
2020,James, Josh,657624,Astros,HOU,R,85.6,80,340,5.666666666666667,0.23529411764705882,SL,Slider,39.6,-35.6,4,11,9.3,4.7,4.6,99,0.8783382789317508,0.9020771513353115
2020,Milone, Tommy,543548,Braves,ATL,L,79.4,78,697,11.616666666666667,0.11190817790530846,SL,Slider,38,-43.4,-5.4,-13,4.1,9,-4.9,-55,0.032640949554896145,0.04154302670623145
2020,Rosenthal, Trevor,572096,Padres,SD,R,87.5,78,381,6.35,0.2047244094488189,SL,Slider,35.9,-33.1,2.7,8,5.2,3.8,1.3,35,0.8011869436201781,0.7062314540059347
2020,Velasquez, Vince,592826,Phillies,PHI,R,86.5,78,650,10.833333333333334,0.12,SL,Slider,32.6,-34.6,-2,-6,6.2,4.5,1.7,37,0.2433234421364985,0.7477744807121661
2020,McFarland, T.J.,519008,Athletics,OAK,L,78.3,78,331,5.516666666666667,0.23564954682779457,SL,Slider,47.3,-44.6,2.7,6,7.4,10.2,-2.9,-28,0.8011869436201781,0.18991097922848665
2020,Taylor, Blake,642130,Astros,HOU,L,85,77,341,5.683333333333334,0.22580645161290322,SL,Slider,36.6,-36.5,0.1,0,6.6,5,1.6,32,0.5014836795252225,0.7240356083086054
2020,Means, John,607644,Orioles,BAL,L,86.5,77,745,12.416666666666666,0.10335570469798658,SL,Slider,30,-33.9,-3.9,-12,4.2,3.7,0.5,13,0.09495548961424333,0.5786350148367952
2020,Phillips, Evan,623465,Orioles,BAL,R,83.6,76,284,4.733333333333333,0.2676056338028169,SL,Slider,41.9,-38.1,3.7,10,15.6,5.9,9.7,167,0.8605341246290801,0.9970326409495549
2020,Widener, Taylor,642203,D-backs,AZ,R,85.9,76,364,6.066666666666666,0.2087912087912088,SL,Slider,36.3,-35.5,0.9,2,5.6,5.1,0.5,9,0.5875370919881305,0.5786350148367952
2020,Soria, Joakim,465657,Athletics,OAK,R,77.4,76,377,6.283333333333333,0.20159151193633953,SL,Slider,52.5,-45.8,6.7,15,15.2,11.4,3.9,34,0.9643916913946587,0.8694362017804155
2020,Claudio, Alex,592222,Brewers,MIL,L,76.4,75,331,5.516666666666667,0.22658610271903323,SL,Slider,45.7,-45.3,0.4,1,6.5,12.6,-6.1,-48,0.543026706231454,0.017804154302670624
2020,Tropeano, Nick,607374,Pirates,PIT,R,78.6,75,242,4.033333333333333,0.30991735537190085,SL,Slider,44.7,-44.8,-0.1,0,2,8.7,-6.8,-77,0.456973293768546,0.011869436201780416
2020,Martin, Brett,656685,Rangers,TEX,L,87.5,73,222,3.7,0.32882882882882886,SL,Slider,31.6,-32.8,-1.2,-4,1.7,3.5,-1.8,-51,0.33827893175074186,0.3026706231454006
2020,Garcia, Bryan,650530,Tigers,DET,R,87.3,73,332,5.724137931034483,0.21987951807228914,SL,Slider,33.1,-33.8,-0.6,-2,3.2,4.1,-0.9,-22,0.39762611275964393,0.4124629080118694
2020,Martin, Chris,455119,Braves,ATL,R,82.6,73,282,4.7,0.25886524822695034,SL,Slider,44.4,-39.8,4.7,12,14.5,6.3,8.3,132,0.9080118694362018,0.9851632047477745
2020,Stanek, Ryne,592773,Marlins,MIA,R,88.5,72,189,3.15,0.38095238095238093,SL,Slider,30.9,-31.7,-0.8,-3,0.8,3.2,-2.4,-74,0.3768545994065282,0.2344213649851632
2020,Covey, Dylan,592229,Red Sox,BOS,R,86.1,72,215,3.5833333333333335,0.33488372093023255,SL,Slider,34.1,-34.5,-0.4,-1,4.5,3.8,0.6,17,0.42433234421364985,0.6053412462908012
2020,Samardzija, Jeff,502188,Giants,SF,R,83.9,71,298,4.966666666666667,0.23825503355704697,SL,Slider,30.5,-38.2,-7.6,-20,1.7,5.6,-7.3,-130,0.005934718100890208,0.002967359050445104
2020,Garcia, Yimi,554340,Marlins,MIA,R,87.8,71,241,4.016666666666667,0.2946058091286307,SL,Slider,31.8,-32.8,-1,-3,5,3.9,1.1,28,0.3620178041543027,0.685459940652819
2020,Smith, Caleb,592761,D-backs,AZ,L,83.4,71,267,4.45,0.26591760299625467,SL,Slider,35.8,-37.9,-2,-5,3.4,4.9,-1.5,-30,0.2433234421364985,0.34718100890207715
2020,Gibaut, Ian,664139,Rangers,TEX,R,86.6,70,241,4.016666666666667,0.29045643153526973,SL,Slider,33,-34.3,-1.3,-4,6.8,4.1,2.7,65,0.32047477744807124,0.8308605341246291
2020,Sulser, Cole,642121,Orioles,BAL,R,87.5,69,416,6.933333333333334,0.1658653846153846,SL,Slider,27.8,-33.1,-5.3,-16,3.4,4,-0.6,-16,0.04451038575667656,0.44807121661721067
2020,Reyes, Alex,621052,Cardinals,STL,R,86.8,69,369,6.362068965517241,0.18699186991869918,SL,Slider,36.1,-33.9,2.2,7,6.8,3.9,2.9,74,0.7477744807121661,0.8367952522255193
2020,Helsley, Ryan,664854,Cardinals,STL,R,87.3,69,194,3.3448275862068964,0.3556701030927835,SL,Slider,33.6,-33.4,0.2,1,4.4,4,0.5,12,0.5133531157270029,0.5786350148367952
2020,Leone, Dominic,608678,Guardians,CLE,R,84.3,68,191,3.183333333333333,0.35602094240837695,SL,Slider,41.7,-37.8,3.9,10,5.1,5.5,-0.5,-9,0.8753709198813057,0.4599406528189911
2020,Bielak, Brandon,656232,Astros,HOU,R,83.4,67,597,9.95,0.11222780569514237,SL,Slider,38.5,-37.7,0.8,2,8.2,5.2,3,59,0.56973293768546,0.8397626112759644
2020,Báez, Pedro,520980,Dodgers,LAD,R,87.1,67,306,5.1,0.21895424836601307,SL,Slider,30.5,-33.2,-2.6,-8,1.7,3.4,-1.7,-49,0.18397626112759644,0.32344213649851633
2020,Gausman, Kevin,592332,Giants,SF,R,81.9,66,975,16.25,0.06769230769230769,SL,Slider,40.7,-40.6,0.1,0,2.5,7.3,-4.8,-65,0.5014836795252225,0.04747774480712166
2020,Guerra, Javy,642770,Padres,SD,R,87.8,64,235,3.9166666666666665,0.2723404255319149,SL,Slider,33.2,-33.1,0,0,5,4,1,26,0.47477744807121663,0.6706231454005934
2020,Cordero, Jimmy,622772,White Sox,CWS,R,87.5,64,424,7.066666666666666,0.1509433962264151,SL,Slider,37.7,-33.7,4,12,1.8,3.9,-2.2,-55,0.8783382789317508,0.26706231454005935
2020,Boxberger, Brad,502202,Marlins,MIA,R,88.3,63,357,5.95,0.17647058823529413,SL,Slider,25.6,-32.3,-6.6,-21,4.9,3,2,66,0.01483679525222552,0.7774480712166172
2020,Keuchel, Dallas,572971,White Sox,CWS,L,75.8,63,960,16,0.065625,SL,Slider,48.3,-48.5,-0.2,0,7.9,11.3,-3.4,-30,0.4421364985163205,0.1394658753709199
2020,Hudson, Daniel,543339,Nationals,WSH,R,86,63,378,6.3,0.16666666666666666,SL,Slider,35.5,-35.2,0.2,1,2.1,4.8,-2.7,-56,0.5133531157270029,0.21068249258160238
2020,Walden, Marcus,519393,Red Sox,BOS,R,84.7,62,285,4.75,0.21754385964912282,SL,Slider,38.1,-37.4,0.8,2,7.9,5.9,1.9,33,0.56973293768546,0.7744807121661721
2020,Mejía, Humberto,650668,Marlins,MIA,R,81.8,62,205,3.4166666666666665,0.3024390243902439,SL,Slider,41.5,-40.5,1,2,5.8,6.1,-0.3,-4,0.6023738872403561,0.4807121661721068
2020,Thielbar, Caleb,573204,Twins,MIN,L,77.5,61,371,6.183333333333334,0.16442048517520216,SL,Slider,44.3,-45.7,-1.3,-3,15.2,11,4.1,37,0.32047477744807124,0.8902077151335311
2020,Yamamoto, Jordan,657141,Marlins,MIA,R,77.8,60,270,4.5,0.2222222222222222,SL,Slider,51.7,-45.1,6.5,14,17.1,11.2,5.8,52,0.9614243323442137,0.9287833827893175
2020,Patiño, Luis,672715,Padres,SD,R,84.6,60,349,5.816666666666666,0.17191977077363896,SL,Slider,37.2,-37.4,-0.1,0,11,5.5,5.5,100,0.456973293768546,0.9169139465875371
2020,Pivetta, Nick,601713,Red Sox,BOS,R,85.4,60,290,4.833333333333333,0.20689655172413793,SL,Slider,34.9,-35.9,-1,-3,5.9,4.3,1.6,36,0.3620178041543027,0.7240356083086054
2020,Gsellman, Robert,607229,Mets,NYM,R,89.4,59,278,4.633333333333334,0.21223021582733814,SL,Slider,26.3,-30.7,-4.4,-14,0.3,3.1,-3.5,-110,0.06824925816023739,0.13056379821958458
2020,Givens, Mychal,571710,Rockies,COL,R,84.9,59,415,6.916666666666667,0.14216867469879518,SL,Slider,33.4,-35.7,-2.2,-6,5.1,4.2,0.9,22,0.228486646884273,0.6646884272997032
2020,Stock, Robert,476594,Red Sox,BOS,R,84.6,58,253,4.216666666666667,0.22924901185770752,SL,Slider,41.6,-37.2,4.4,12,7.9,5.6,2.3,40,0.8961424332344213,0.8100890207715133
2020,Raley, Brooks,548384,Astros,HOU,L,81.9,58,336,5.6,0.17261904761904762,SL,Slider,35.3,-40.1,-4.8,-12,14.9,7.3,7.6,105,0.05934718100890208,0.9703264094955489
2020,Dugger, Robert,667498,Marlins,MIA,R,81.7,57,212,3.533333333333333,0.2688679245283019,SL,Slider,41.6,-40.2,1.4,3,4.5,7.3,-2.8,-38,0.6498516320474778,0.20178041543026706
2020,Harvey, Matt,518774,Royals,KC,R,86.9,57,247,4.116666666666666,0.23076923076923078,SL,Slider,32.9,-33.7,-0.9,-3,2.8,3.8,-1,-26,0.37091988130563797,0.4035608308605341
2020,Soroka, Mike,647336,Braves,ATL,R,81.3,57,199,3.316666666666667,0.2864321608040201,SL,Slider,44.7,-41,3.7,9,5.4,5.6,-0.2,-3,0.8605341246290801,0.5014836795252225
2020,Crowe, Wil,640444,Nationals,WSH,R,83.6,57,194,3.2333333333333334,0.29381443298969073,SL,Slider,39.7,-38.5,1.3,3,7.1,5.9,1.2,20,0.6320474777448071,0.6913946587537092
2020,Britton, Zack,502154,Yankees,NYY,L,81.1,57,289,4.816666666666666,0.1972318339100346,SL,Slider,47.7,-41.4,6.4,15,9.8,7.6,2.2,29,0.9584569732937686,0.7952522255192879
2020,Rosso, Ramón,665759,Phillies,PHI,R,84.4,57,194,3.2333333333333334,0.29381443298969073,SL,Slider,39.4,-37.1,2.3,6,8.9,5.3,3.5,66,0.7655786350148368,0.8545994065281899
2020,Oswalt, Corey,621261,Mets,NYM,R,87.8,57,223,3.716666666666667,0.2556053811659193,SL,Slider,30,-32.7,-2.7,-8,1.8,4,-5.8,-145,0.17210682492581603,0.026706231454005934
2020,Wilson, Bryse,669060,Braves,ATL,R,88.4,56,313,5.216666666666667,0.17891373801916932,SL,Slider,26.7,-31.9,-5.2,-16,2.1,3.9,-1.7,-45,0.04747774480712166,0.32344213649851633
2020,Urquidy, José,664353,Astros,HOU,R,79.3,56,429,7.15,0.13053613053613053,SL,Slider,41.9,-43.5,-1.6,-4,15.8,9.3,6.5,71,0.2878338278931751,0.9436201780415431
2020,Font, Wilmer,521655,Blue Jays,TOR,R,86,56,368,6.133333333333334,0.15217391304347827,SL,Slider,32,-35.2,-3.3,-9,4.2,4.2,-0.1,-2,0.13056379821958458,0.5192878338278932
2020,Bleier, Richard,542947,Marlins,MIA,L,78.7,53,218,3.6333333333333333,0.24311926605504589,SL,Slider,45.5,-44.1,1.4,3,5.1,8.9,-3.8,-43,0.6498516320474778,0.11572700296735905
2020,Adam, Jason,592094,Cubs,CHC,R,82.6,53,260,4.333333333333333,0.20384615384615384,SL,Slider,48.1,-40,8.1,20,7.7,6.9,0.8,12,0.9881305637982196,0.6468842729970327
2020,Rasmussen, Drew,656876,Brewers,MIL,R,86.8,53,302,5.033333333333333,0.17549668874172186,SL,Slider,40.7,-34,6.7,20,3.4,4.2,-0.8,-20,0.9643916913946587,0.42433234421364985
2020,Odorizzi, Jake,543606,Twins,MIN,R,84.4,52,283,4.716666666666667,0.18374558303886926,SL,Slider,34.8,-37.3,-2.4,-6,5.7,5.3,0.4,8,0.20771513353115728,0.56973293768546
2020,Allen, Logan,663531,Guardians,CLE,L,82.9,51,186,3.1,0.27419354838709675,SL,Slider,41.4,-39,2.4,6,7.7,6.2,1.6,26,0.771513353115727,0.7240356083086054
2020,Akin, Keegan,669211,Orioles,BAL,L,80.7,51,500,8.333333333333334,0.102,SL,Slider,44.3,-41.5,2.9,7,6,8.4,-2.5,-29,0.8249258160237388,0.2195845697329377
2020,Farmer, Buck,571656,Tigers,DET,R,81.7,50,341,5.879310344827586,0.1466275659824047,SL,Slider,40.6,-40.5,0.1,0,2.3,7,-4.6,-67,0.5014836795252225,0.06528189910979229
2020,Smith, Riley,642092,D-backs,AZ,R,83,50,250,4.166666666666667,0.2,SL,Slider,38.7,-39.1,-0.4,-1,3.3,6.5,-3.2,-49,0.42433234421364985,0.14836795252225518
2020,Smeltzer, Devin,656970,Twins,MIN,L,77.7,49,268,4.466666666666667,0.1828358208955224,SL,Slider,42.2,-45.3,-3.1,-7,6.1,10.8,-4.6,-43,0.1394658753709199,0.06528189910979229
2020,Chafin, Andrew,605177,Cubs,CHC,L,83.9,49,184,3.066666666666667,0.266304347826087,SL,Slider,38.9,-38,0.9,2,1.3,5.3,-4.1,-76,0.5875370919881305,0.10089020771513353
2020,Guerra, Javy,457915,Nationals,WSH,R,85.9,48,286,4.766666666666667,0.16783216783216784,SL,Slider,30.5,-34.8,-4.3,-12,5.8,4.5,1.2,27,0.0771513353115727,0.6913946587537092
2020,Urías, Julio,628711,Dodgers,LAD,L,86.3,48,875,14.583333333333334,0.054857142857142854,SL,Slider,32.6,-34.4,-1.9,-5,4.6,3.9,0.7,18,0.26706231454005935,0.6350148367952523
2020,García, Deivi,665620,Yankees,NYY,R,82.5,48,532,8.866666666666667,0.09022556390977443,SL,Slider,42.2,-39.9,2.3,6,5,7.2,-2.2,-31,0.7655786350148368,0.26706231454005935
2020,Sneed, Cy,605482,Astros,HOU,R,82.6,47,336,5.6,0.13988095238095238,SL,Slider,34.3,-39.6,-5.4,-14,10.2,6.3,3.9,61,0.032640949554896145,0.8694362017804155
2020,Toussaint, Touki,657053,Braves,ATL,R,85.4,47,491,8.183333333333334,0.09572301425661914,SL,Slider,37.3,-36.2,1.1,3,4.8,5.3,-0.5,-9,0.6112759643916914,0.4599406528189911
2020,Middleton, Keynan,641871,Angels,LAA,R,87.4,47,210,3.5,0.22380952380952382,SL,Slider,30.7,-33.3,-2.6,-8,2.6,3.9,-1.3,-34,0.18397626112759644,0.3590504451038576
2020,Sánchez, Sixto,664350,Marlins,MIA,R,85.8,47,559,9.316666666666666,0.08407871198568873,SL,Slider,38.1,-35.5,2.6,7,8.1,5,3.1,62,0.7863501483679525,0.8456973293768546
2020,García, Luis,472610,Rangers,TEX,R,83.5,46,184,3.066666666666667,0.25,SL,Slider,39.8,-38.5,1.3,3,8.2,5.5,2.7,50,0.6320474777448071,0.8308605341246291
2020,Osich, Josh,592612,Cubs,CHC,L,76.9,46,304,5.066666666666666,0.1513157894736842,SL,Slider,51.9,-47.6,4.2,9,1.6,7.6,-6,-79,0.8902077151335311,0.02373887240356083
2020,Lail, Brady,621078,Mariners,SEA,R,85.6,46,300,5,0.15333333333333332,SL,Slider,28.8,-35.5,-6.7,-19,4.8,4.4,0.3,7,0.008902077151335312,0.5519287833827893
2020,Nelson, Nick,656793,Yankees,NYY,R,84.5,46,374,6.233333333333333,0.12299465240641712,SL,Slider,41.9,-37.3,4.7,13,11.2,5.6,5.6,100,0.9080118694362018,0.9228486646884273
2020,Buehler, Walker,621111,Dodgers,LAD,R,87.5,44,600,10,0.07333333333333333,SL,Slider,37,-33.4,3.6,11,10.7,4,6.7,166,0.8545994065281899,0.9554896142433235
2020,Rodriguez, Nivaldo,670550,Astros,HOU,R,89.1,44,187,3.1166666666666667,0.23529411764705882,SL,Slider,28.2,-31.2,-3,-10,2.1,2.9,-0.8,-28,0.1543026706231454,0.42433234421364985
2020,Wittgren, Nick,621295,Guardians,CLE,R,84.9,43,377,6.283333333333333,0.11405835543766578,SL,Slider,38.2,-36.8,1.4,4,4.8,5.1,-0.3,-6,0.6498516320474778,0.4807121661721068
2020,Chapman, Aroldis,547973,Yankees,NYY,L,85.1,43,199,3.316666666666667,0.21608040201005024,SL,Slider,33.3,-36.6,-3.3,-9,10.8,4.9,5.9,119,0.13056379821958458,0.9347181008902077
2020,Baragar, Caleb,670056,Giants,SF,L,84.4,43,349,5.816666666666666,0.12320916905444126,SL,Slider,38.4,-37.4,1,3,7.8,5.5,2.3,41,0.6023738872403561,0.8100890207715133
2020,Chavez, Jesse,445926,Rangers,TEX,R,83.3,43,305,5.083333333333333,0.14098360655737704,SL,Slider,37.9,-38.5,-0.6,-2,5.3,6.5,-1.2,-18,0.39762611275964393,0.3768545994065282
2020,Jansen, Kenley,445276,Dodgers,LAD,R,81.6,42,446,7.433333333333334,0.09417040358744394,SL,Slider,45.5,-41.3,4.1,10,6.9,6.4,0.6,9,0.887240356083086,0.6053412462908012
2020,Weems, Jordan,607179,Athletics,OAK,R,85.8,41,222,3.7,0.18468468468468469,SL,Slider,34.8,-35.5,-0.7,-2,6.3,4.6,1.7,36,0.3857566765578635,0.7477744807121661
2020,Coonrod, Sam,656322,Giants,SF,R,88.7,41,297,4.95,0.13804713804713806,SL,Slider,34.4,-31.6,2.7,9,6.5,3.3,3.2,97,0.8011869436201781,0.8486646884272997
2020,Foster, Matt,641582,White Sox,CWS,R,85.3,40,436,7.266666666666667,0.09174311926605505,SL,Slider,33.2,-35.6,-2.4,-7,3,4.4,-1.3,-30,0.20771513353115728,0.3590504451038576
2020,Holder, Jonathan,656547,Yankees,NYY,R,80.7,40,397,6.616666666666666,0.10075566750629723,SL,Slider,53.3,-42.1,11.2,27,6.1,7.9,-1.8,-23,1,0.3026706231454006
2020,Morejon, Adrian,670970,Padres,SD,L,85.3,40,322,5.366666666666666,0.12422360248447205,SL,Slider,40.1,-36.1,4,11,7.8,4.8,3,62,0.8783382789317508,0.8397626112759644
2020,Watson, Tony,453265,Giants,SF,L,81.2,39,280,4.666666666666667,0.1392857142857143,SL,Slider,39.4,-41.1,-1.6,-4,2.9,7.9,-5,-64,0.2878338278931751,0.03560830860534125
2020,Robles, Hansel,570663,Angels,LAA,R,88.8,38,317,5.283333333333333,0.11987381703470032,SL,Slider,29.7,-31.6,-1.9,-6,1.4,3.7,-5,-137,0.26706231454005935,0.03560830860534125
2020,Hahn, Jesse,534910,Royals,KC,R,82,37,292,4.866666666666666,0.1267123287671233,SL,Slider,48.9,-40.5,8.4,21,14.5,6.7,7.8,117,0.9910979228486647,0.9762611275964391
2020,Kintzler, Brandon,445213,Marlins,MIA,R,84.6,36,343,5.716666666666667,0.10495626822157435,SL,Slider,35.7,-37.1,-1.4,-4,1.1,5.3,-4.2,-79,0.314540059347181,0.09198813056379822
2020,Strahm, Matt,621381,Padres,SD,L,86.4,36,308,5.133333333333334,0.11688311688311688,SL,Slider,28.8,-34.8,-6,-17,2.8,4.7,-2,-42,0.02373887240356083,0.2878338278931751
2020,Hill, Tim,657612,Padres,SD,L,80.3,35,348,5.8,0.10057471264367816,SL,Slider,38.7,-38.8,-0.1,0,0.5,-0.2,-0.3,124,0.456973293768546,0.4807121661721068
2020,Merryweather, Julian,657240,Blue Jays,TOR,R,85.9,35,233,3.8833333333333333,0.15021459227467812,SL,Slider,41.5,-35.4,6.1,17,1.4,4.6,-3.2,-70,0.9495548961424333,0.14836795252225518
2020,King, John,667463,Rangers,TEX,L,82,34,186,3.1,0.1827956989247312,SL,Slider,45.6,-40.2,5.4,13,3.1,7.3,-4.2,-58,0.9258160237388724,0.09198813056379822
2020,Alexander, Scott,518397,Dodgers,LAD,L,87.9,34,202,3.3666666666666667,0.16831683168316833,SL,Slider,30.5,-32.5,-2,-6,0.3,3.5,-3.2,-91,0.2433234421364985,0.14836795252225518
2020,Shreve, Chasen,592741,Mets,NYM,L,79.8,34,422,7.033333333333333,0.08056872037914692,SL,Slider,49.8,-43,6.8,16,6.1,9.5,-3.4,-35,0.9703264094955489,0.1394658753709199
2020,Chirinos, Yonny,630023,Rays,TB,R,88.1,30,190,3.1666666666666665,0.15789473684210525,SL,Slider,27.9,-32.3,-4.4,-14,0.4,3.4,-3.1,-90,0.06824925816023739,0.16913946587537093
2020,Lauer, Eric,641778,Brewers,MIL,L,83.1,30,244,4.066666666666666,0.12295081967213115,SL,Slider,37.9,-38.5,-0.6,-2,3.4,5.8,-2.4,-41,0.39762611275964393,0.2344213649851632
2020,Gant, John,607231,Cardinals,STL,R,85.4,29,240,4.137931034482759,0.12083333333333333,SL,Slider,35.6,-35.8,-0.2,-1,2,4.5,-2.5,-55,0.4421364985163205,0.2195845697329377
2020,Zeuch, T.J.,643615,Blue Jays,TOR,R,80.9,29,185,3.0833333333333335,0.15675675675675677,SL,Slider,44.1,-42.2,1.9,5,2.6,7.2,-4.7,-65,0.6973293768545994,0.05341246290801187
2020,Valdez, Phillips,570488,Red Sox,BOS,R,81.4,29,509,8.483333333333333,0.05697445972495088,SL,Slider,42.8,-40.6,2.1,5,5.7,9.9,-4.2,-42,0.7240356083086054,0.09198813056379822
2020,Armstrong, Shawn,542888,Orioles,BAL,R,82,26,237,3.95,0.10970464135021098,SL,Slider,46.5,-40.8,5.7,14,12.7,6.5,6.2,95,0.9347181008902077,0.9406528189910979
2020,Betances, Dellin,476454,Mets,NYM,R,86,26,241,4.016666666666667,0.1078838174273859,SL,Slider,45.2,-35.1,10.2,29,7,4.5,2.5,56,0.9970326409495549,0.8249258160237388
2020,Alzolay, Adbert,640470,Cubs,CHC,R,85.1,26,387,6.45,0.06718346253229975,SL,Slider,34.5,-36.1,-1.6,-5,9.2,4.8,4.5,93,0.2878338278931751,0.8991097922848664
2020,Newcomb, Sean,656794,Braves,ATL,L,79.4,24,300,5,0.08,SL,Slider,52.4,-43.7,8.7,20,12,8.1,4,49,0.9940652818991098,0.884272997032641
2020,Kolarek, Adam,592473,Dodgers,LAD,L,77.6,23,252,4.2,0.09126984126984126,SL,Slider,37.9,-41.1,-3.3,-8,5,12.6,-7.6,-61,0.13056379821958458,0
2020,Hernández, Carlos,672578,Royals,KC,R,84.5,22,255,4.25,0.08627450980392157,SL,Slider,39.5,-37.3,2.2,6,2.8,5.6,-2.9,-51,0.7477744807121661,0.18991097922848665
2020,Garcia, Luis,677651,Astros,HOU,R,80.4,22,203,3.3833333333333333,0.10837438423645321,SL,Slider,45.8,-42,3.8,9,14.8,8.7,6.1,70,0.8724035608308606,0.9376854599406528
2020,Montero, Rafael,606160,Rangers,TEX,R,85.7,21,289,4.816666666666666,0.0726643598615917,SL,Slider,34.9,-35.8,-0.8,-2,7.6,5.2,2.4,46,0.3768545994065282,0.8189910979228486
2020,Brach, Brad,542960,Mets,NYM,R,81.1,19,250,4.166666666666667,0.076,SL,Slider,41,-41.3,-0.2,-1,7.5,7.7,-0.2,-3,0.4421364985163205,0.5014836795252225
2020,González, Chi Chi,592346,Rockies,COL,R,85,19,347,5.783333333333333,0.05475504322766571,SL,Slider,33.3,-36,-2.7,-8,0.7,4.4,-3.8,-85,0.17210682492581603,0.11572700296735905
2020,Tepera, Ryan,572193,Cubs,CHC,R,82.3,19,369,6.15,0.051490514905149054,SL,Slider,42.5,-40.1,2.4,6,4.7,7,-2.3,-33,0.771513353115727,0.2551928783382789
2020,Castellanos, Humberto,528748,Astros,HOU,R,86.5,19,207,3.45,0.09178743961352658,SL,Slider,28.1,-34.8,-6.7,-19,0.1,4.7,-4.7,-98,0.008902077151335312,0.05341246290801187
2020,Grotz, Zac,665093,Mariners,SEA,R,85.9,12,202,3.3666666666666667,0.0594059405940594,SL,Slider,33.3,-34.8,-1.5,-4,1.1,4.3,-3.2,-75,0.3086053412462908,0.14836795252225518