"pitches","player_id","player_name","total_pitches","pitch_percent","ba","iso","babip","slg","woba","xwoba","xba","hits","abs","launch_speed","launch_angle","spin_rate","velocity","effective_speed","whiffs","swings","takes","eff_min_vel","release_extension","pos3_int_start_distance","pos4_int_start_distance","pos5_int_start_distance","pos6_int_start_distance","pos7_int_start_distance","pos8_int_start_distance","pos9_int_start_distance"
33,628317,"Maeda, Kenta",986,3.3,0.417,0.583,0.333,1,0.58,0.597,0.45,5,12,87.9,22.1,2503,83,82.53,5,33,0,-0.5,5.98,110,156,117,151,298,331,293
29,605538,"Wisler, Matt",453,6.4,0.231,0.231,0.286,0.462,0.288,0.215,0.145,3,13,84.8,46,2473,81.2,80.8,11,29,0,-0.4000000000000057,5.94,108,158,121,150,301,330,296
26,659275,"Lamet, Dinelson",1046,2.5,0.1,0,0.143,0.1,0.088,0.171,0.154,1,10,92.2,30,2603,86.9,86.27,7,26,0,-0.6000000000000085,5.95,118,151,147,146,297,329,313
25,477132,"Kershaw, Clayton",888,2.8,0.385,0.154,0.385,0.538,0.394,0.346,0.311,5,13,97.1,-1,2662,87.7,77.1,4,25,0,-10.600000000000009,6.17,110,156,111,147,301,318,287
22,571666,"Fiers, Mike",916,2.4,0.091,0,0.091,0.091,0.08,0.094,0.101,1,11,89.8,39.9,2274,84.7,84.11,2,22,0,-0.6000000000000085,5.61,106,150,120,153,303,328,302
21,571578,"Corbin, Patrick",1068,2,0.4,0.467,0.333,0.867,0.523,0.466,0.346,6,15,92.6,25.9,2247,79.1,79.7,1,21,0,0.6000000000000085,6.64,113,157,123,148,305,315,295
20,656302,"Cease, Dylan",1085,1.8,0.444,0.444,0.444,0.889,0.546,0.357,0.329,4,9,91.1,28.2,2807,84.8,84.55,3,20,0,-0.29999999999999716,5.96,114,151,118,151,303,322,299
20,641745,"Keller, Brad",858,2.3,0.3,0,0.3,0.3,0.265,0.293,0.303,3,10,89,28.4,2586,84.6,84.34,2,20,0,-0.29999999999999716,5.82,115,163,119,147,302,326,302
19,519144,"Porcello, Rick",983,1.9,0.364,0.091,0.4,0.455,0.353,0.352,0.337,4,11,89.3,18.9,2376,86.4,86.1,3,19,0,-0.30000000000001137,5.95,110,148,121,140,291,316,288
18,593423,"Montas, Frankie",914,2,0,0,0,0,0,0.064,0.066,0,11,82.4,36.6,2501,86.1,85.89,1,18,0,-0.19999999999998863,5.92,107,148,118,148,301,326,300
17,543037,"Cole, Gerrit",1203,1.4,0.333,0.333,0.5,0.667,0.413,0.082,0.09,1,3,81,10.5,2528,88.2,88.79,6,17,0,0.5999999999999943,6.4,112,153,125,150,296,325,284
17,656186,"Altavilla, Dan",363,4.7,0.4,0.5,0.429,0.9,0.534,0.578,0.393,4,10,97.7,25,2560,90,88.77,4,17,0,-1.2000000000000028,5.54,109,154,119,147,298,329,301
17,663903,"Singer, Brady",1071,1.6,0.313,0.313,0.267,0.625,0.389,0.472,0.361,5,16,94.8,20.8,2393,82.4,83.13,0,17,0,0.6999999999999886,6.41,109,165,120,148,303,329,300
16,656954,"Sheffield, Justus",880,1.8,0.4,0.1,0.4,0.5,0.389,0.397,0.322,4,10,95.6,31.8,2462,81.6,81.06,0,16,0,-0.5,5.73,105,155,114,147,295,328,287
16,592662,"Ray, Robbie",1064,1.5,0.111,0,0.143,0.111,0.098,0.078,0.072,1,9,82.7,27.7,2370,87,87.14,3,16,0,0.09999999999999432,6.24,110,147,113,149,292,320,300
16,471911,"Carrasco, Carlos",1101,1.5,0.6,0.8,0.5,1.4,0.82,0.78,0.514,3,5,100.2,22.4,2807,86.1,87.01,2,16,0,0.9000000000000057,6.49,108,153,122,149,292,319,294
16,518813,"Holland, Greg",447,3.6,0.2,0.2,0.2,0.4,0.248,0.284,0.26,2,10,91.9,14.5,2183,86,85.94,2,16,0,-0.09999999999999432,5.96,112,157,115,146,303,329,309
16,622088,"Antone, Tejay",593,2.7,0.25,0.5,0.143,0.75,0.402,0.644,0.448,2,8,94.7,22.9,2636,83.1,83.61,4,16,0,0.5,6.42,118,152,122,150,293,315,290
15,656288,"Canning, Griffin",965,1.6,0.375,0.25,0.429,0.625,0.42,0.286,0.258,3,8,93.9,19.4,2311,86.3,85.55,1,15,0,-0.7999999999999972,5.58,112,153,118,150,314,326,305
15,547888,"Tanaka, Masahiro",769,2,0.5,1.167,0.25,1.667,0.866,0.669,0.345,3,6,90.3,44.3,2269,83.8,83.29,3,15,0,-0.5,6,114,152,125,149,296,322,285
15,664299,"Javier, Cristian",889,1.7,0.111,0,0.143,0.111,0.098,0.115,0.11,1,9,79.9,35.3,2580,78,77.39,3,15,0,-0.5999999999999943,5.98,115,156,127,152,284,320,297
15,642545,"Barría, Jaime",511,2.9,0,0,0,0,0,0.294,0.268,0,8,94.6,21,2283,83.5,83.23,0,15,0,-0.29999999999999716,5.85,115,155,118,153,313,325,304
15,622608,"Senzatela, Antonio",1136,1.3,0.1,0,0.1,0.1,0.088,0.352,0.348,1,10,92.2,16.6,2179,86,86.19,0,15,0,0.20000000000000284,6.05,118,155,121,145,304,324,303
15,641816,"Mahle, Tyler",852,1.8,0.375,0.375,0.25,0.75,0.416,0.414,0.353,3,8,94,17.7,2619,86.1,86.97,1,15,0,0.9000000000000057,6.56,110,153,118,144,298,319,288
15,572125,"Selman, Sam",361,4.2,0.1,0,0.167,0.1,0.088,0.133,0.141,1,10,87.2,33,2540,80,80.25,6,15,0,0.20000000000000284,6.41,106,158,123,147,293,320,290
15,608566,"Márquez, Germán",1226,1.2,0.4,0.8,0.2,1.2,0.46,0.723,0.396,2,5,99.1,28.5,2402,88.5,87.57,2,15,0,-0.9000000000000057,5.33,103,148,114,143,302,324,300
15,664141,"Brubaker, JT",804,1.9,0.571,0.571,0.429,1.143,0.623,0.948,0.588,4,7,100.4,20.3,2618,87.2,86.97,0,15,0,-0.20000000000000284,5.96,107,161,129,142,297,318,299
13,608331,"Fried, Max",899,1.4,0.375,0.25,0.429,0.625,0.415,0.347,0.347,3,8,93.6,27.9,2496,83.6,83.65,2,13,0,0.10000000000000853,6.21,107,151,115,151,309,330,297
13,668676,"Plesac, Zach",776,1.7,0.667,0.333,0.667,1,0.707,0.299,0.316,2,3,87.9,-6,2199,86,86.45,2,13,0,0.5,6.25,103,154,125,150,297,319,295
13,660896,"Alcala, Jorge",403,3.2,0.3,0.3,0.222,0.6,0.374,0.348,0.287,3,10,85.6,26.5,2342,88.3,88.06,2,13,0,-0.20000000000000284,5.83,98,152,118,149,305,334,296
13,676604,"Zuber, Tyler",412,3.2,0.25,0,0.25,0.25,0.221,0.321,0.306,1,4,85,1.8,2670,83.8,83.27,1,13,0,-0.5,5.85,107,154,126,145,301,328,304
13,518858,"Jones, Nate",361,3.6,0,0,0,0,0,0.131,0.128,0,5,89.5,40,2293,87.7,87.16,0,13,0,-0.5,5.76,118,163,130,151,295,318,291
13,506433,"Darvish, Yu",1153,1.1,0.25,0,0.286,0.25,0.221,0.228,0.231,2,8,86.8,26.7,2803,82.4,82.82,2,13,0,0.3999999999999915,6.45,107,152,117,147,293,331,296
13,572070,"Richards, Garrett",788,1.6,0,0,0,0,0,0.227,0.179,0,5,89.8,40.8,2919,87.9,87.59,3,13,0,-0.30000000000001137,6.03,108,150,118,147,305,332,310
12,453562,"Arrieta, Jake",729,1.6,0.25,0,0.167,0.25,0.147,0.428,0.269,1,4,92.3,31.3,2224,88.1,87.86,2,12,0,-0.19999999999998863,5.98,111,149,118,147,294,322,294
12,606149,"Gallegos, Giovanny",229,5.2,0,0,0,0,0,0.215,0.223,0,6,86.1,23.2,2400,84.7,83.76,3,12,0,-0.9000000000000057,5.65,108,144,117,141,305,330,302
12,657044,"Thompson, Ryan",419,2.9,0.429,0.571,0.4,1,0.586,0.392,0.334,3,7,93.5,10,2239,76.4,76.59,3,12,0,0.19999999999998863,6.85,113,152,117,150,308,316,289
12,594798,"deGrom, Jacob",1135,1.1,0,0,0,0,0,0.063,0.051,0,2,82,16.5,2564,92.2,93.63,2,12,0,1.3999999999999915,6.8,109,147,123,143,294,317,297
12,664199,"Clarke, Taylor",703,1.7,0.5,0.167,0.5,0.667,0.501,0.485,0.507,3,6,98.9,4.8,2229,85.9,85.66,3,12,0,-0.20000000000000284,6.09,111,154,119,149,308,332,300
12,605447,"Romano, Jordan",237,5.1,0,0,0,0,0,0.132,0.14,0,6,87.3,-17.2,2231,89.3,91.09,2,12,0,1.7999999999999972,7.21,105,154,121,145,307,316,287
12,545333,"Bauer, Trevor",1165,1,0,0,0,0,0,0.234,0.232,0,7,84.3,15.1,2950,80.4,80.17,1,12,0,-0.20000000000000284,6.33,111,151,121,156,297,319,291
12,493603,"Ottavino, Adam",339,3.5,0.6,0.2,0.75,0.8,0.601,0.348,0.321,3,5,93.9,1.5,2844,80.7,81.39,2,12,0,0.7000000000000028,6.83,105,148,116,145,284,317,286
12,595928,"Curtiss, John",384,3.1,0.333,0,0.333,0.333,0.294,0.428,0.449,1,3,99.7,5.3,2581,86.1,86.38,2,12,0,0.30000000000001137,6.47,118,170,120,151,300,319,293
12,607560,"Harper, Ryne",408,2.9,0.143,0.429,0,0.571,0.283,0.326,0.2,1,7,82.4,16.1,2188,74.5,74.99,1,12,0,0.5,6.56,115,156,128,148,297,311,295
12,547942,"Kim, Kwang Hyun",613,2,0.5,0.5,0.5,1,0.619,0.465,0.456,2,4,93.9,20,2117,82.7,83.71,0,12,0,1,6.71,107,144,111,146,299,317,299
11,571510,"Boyd, Matthew",1086,1,0.625,0.875,0.571,1.5,0.862,0.766,0.564,5,8,95.2,6.5,2215,79.9,79.81,0,11,0,-0.10000000000000853,6.15,113,150,115,142,294,324,285
11,643511,"Rogers, Tyler",458,2.4,0.6,0.6,0.6,1.2,0.736,0.448,0.414,3,5,87.7,13.6,2224,71.4,70.64,3,11,0,-0.8000000000000114,5.87,105,148,113,146,295,315,289
11,489265,"Romo, Sergio",364,3,0.2,0,0.2,0.2,0.177,0.184,0.168,1,5,85.8,6.6,2890,76.5,76.36,1,11,0,-0.09999999999999432,6.24,108,154,118,149,301,333,301
11,621107,"Eflin, Zach",913,1.2,0.571,0.714,0.5,1.286,0.763,0.587,0.428,4,7,97.4,22.4,2198,89.1,89.9,0,11,0,0.8000000000000114,6.65,118,155,115,151,296,326,290
11,657140,"Wright, Kyle",641,1.7,0.333,0,0.333,0.333,0.294,0.557,0.564,1,3,87.2,12,2505,88.6,88.47,0,11,0,-0.09999999999999432,6.08,114,149,117,151,307,331,300
11,580792,"Goody, Nick",246,4.5,0.333,0.5,0.25,0.833,0.477,0.322,0.286,2,6,84.2,32.2,2300,80.6,79.96,4,11,0,-0.5999999999999943,5.96,106,141,106,138,299,316,288
10,573124,"Rogers, Taylor",358,2.8,0.5,0.5,0.5,1,0.619,0.565,0.472,2,4,102.5,24,2682,81.5,80.91,0,10,0,-0.5999999999999943,5.81,100,153,118,149,301,328,292
10,641755,"Kinley, Tyler",371,2.7,0.4,0.6,0.25,1,0.572,0.623,0.378,2,5,89.4,16.5,2590,89.4,88.76,1,10,0,-0.6000000000000085,5.51,115,146,112,141,298,317,302
10,518489,"Brasier, Ryan",424,2.4,0.286,0,0.333,0.286,0.252,0.351,0.356,2,7,93,17.2,2465,85.6,86.98,1,10,0,1.4000000000000057,6.91,114,153,132,149,283,324,292
10,643230,"Brault, Steven",746,1.3,0.5,0.375,0.6,0.875,0.578,0.485,0.442,4,8,89.8,10.3,2416,83.1,84.75,2,10,0,1.7000000000000028,7.09,110,151,123,149,313,322,292
10,592836,"Walker, Taijuan",882,1.1,0.167,0.5,0,0.667,0.33,0.546,0.304,1,6,94.4,-12.6,2424,85,84.46,1,10,0,-0.5,5.9,109,152,120,144,296,318,286
10,519151,"Pressly, Ryan",353,2.8,0.143,0,0.167,0.143,0.126,0.396,0.335,1,7,95.5,5.8,2786,88.9,88.82,1,10,0,-0.10000000000000853,6.07,102,149,119,149,302,336,311
10,615698,"Quantrill, Cal",504,2,0.444,0.444,0.429,0.889,0.554,0.502,0.381,4,9,96.6,19.1,2283,86.2,86.63,1,10,0,0.3999999999999915,6.4,113,151,134,149,306,330,310
10,607536,"Freeland, Kyle",1124,0.9,0.375,0.125,0.429,0.5,0.375,0.381,0.363,3,8,79.8,-1.1,2498,86.2,87.41,1,10,0,1.2000000000000028,6.56,108,151,115,145,306,329,305
10,543475,"Lyles, Jordan",993,1,0.286,0,0.286,0.286,0.252,0.293,0.313,2,7,90.5,5.1,2365,86.3,87.39,1,10,0,1.1000000000000085,6.76,101,153,117,148,296,324,292
10,453286,"Scherzer, Max",1213,0.8,0.167,0,0.167,0.167,0.147,0.373,0.363,1,6,89.6,16.8,2342,84.9,84.85,1,10,0,-0.10000000000000853,6.22,105,150,120,145,305,313,293
10,645261,"Alcantara, Sandy",662,1.5,0.8,1.2,0.667,2,1.145,0.969,0.725,4,5,98.6,17.2,2399,87,86.66,0,10,0,-0.29999999999999716,6.09,105,158,121,151,295,326,298
10,641771,"Kuhl, Chad",789,1.3,0.333,0,0.333,0.333,0.294,0.382,0.416,1,3,88.2,19,2505,87.6,88.42,2,10,0,0.8000000000000114,6.54,103,151,124,147,299,324,293
10,663765,"Woodford, Jake",360,2.8,0.5,0.667,0.4,1.167,0.683,0.687,0.476,3,6,100.5,21,2379,84.6,85.07,1,10,0,0.5,6.36,112,150,115,146,302,325,304
10,571670,"Floro, Dylan",371,2.7,0.5,0.25,0.5,0.75,0.53,0.326,0.295,2,4,92.1,40.8,2075,87,86.9,0,10,0,-0.09999999999999432,6.18,107,151,114,147,307,317,285
10,641312,"Anderson, Shaun",277,3.6,0,0,0,0,0,0.178,0.177,0,7,76.9,8.2,2765,87.8,88.8,1,10,0,1,6.65,103,152,123,149,296,317,289
9,664045,"Eshelman, Thomas",529,1.7,0.2,0.2,0.2,0.4,0.248,0.277,0.272,1,5,91.1,29.2,1793,77.6,77.42,0,9,0,-0.19999999999998863,6.3,112,154,112,148,297,319,289
9,605182,"Clevinger, Mike",649,1.4,0.167,0.167,0.167,0.333,0.206,0.204,0.211,1,6,88.9,46.2,2434,81.1,81.58,0,9,0,0.5,6.64,112,154,133,147,288,322,305
9,592464,"Kickham, Mike",262,3.4,0.5,1.5,0,2,0.99,1.27,0.82,1,2,108.8,16,2404,85,85.57,2,9,0,0.5999999999999943,6.63,108,150,125,146,291,324,298
9,456501,"Cueto, Johnny",1145,0.8,0.333,0.333,0.333,0.667,0.413,0.136,0.141,1,3,94.2,1,2230,84.5,83.89,2,9,0,-0.5999999999999943,5.69,113,150,105,151,284,318,299
9,622075,"Almonte, Yency",446,2,0.25,0.25,0.5,0.5,0.31,0.313,0.185,1,4,96.9,38,2253,83.9,84.3,3,9,0,0.3999999999999915,6.44,127,155,121,151,302,332,305
9,596001,"Junis, Jakob",394,2.3,0.25,0,0.333,0.25,0.221,0.484,0.523,1,4,86.4,12,2408,80.4,79.99,1,9,0,-0.4000000000000057,5.8,122,162,119,149,301,328,307
9,543243,"Gray, Sonny",968,0.9,0,0,0,0,0,0.418,0.216,0,2,100.1,35,2838,81.9,82.06,2,9,0,0.19999999999998863,6.38,109,154,127,148,294,322,289
9,664126,"Fairbanks, Pete",490,1.8,0.4,0.8,0.25,1.2,0.643,0.563,0.389,2,5,98,11.4,2381,87,87.64,2,9,0,0.5999999999999943,6.61,104,169,112,147,295,323,300
9,663776,"Sandoval, Patrick",598,1.5,0.167,0.5,0,0.667,0.33,0.391,0.249,1,6,88.3,-1,2531,84.3,83.73,3,9,0,-0.5999999999999943,5.68,117,148,116,149,311,325,295
9,592351,"Gray, Jon",658,1.4,0,0,0,0,0,0.427,0.258,0,3,92.3,32.7,2332,86,86.5,1,9,0,0.5,6.23,124,156,116,149,312,333,307
9,592879,"Wojciechowski, Asher",674,1.3,0.6,0.8,0.4,1.4,0.683,0.736,0.55,3,5,96.8,12.5,2343,79.2,79.27,0,9,0,0.09999999999999432,6.58,111,153,112,145,293,321,297
9,605488,"Springs, Jeffrey",405,2.2,0.5,0,0.5,0.5,0.441,0.136,0.148,3,6,87.9,-1.7,2206,82.1,82.1,1,9,0,0,6.1,115,146,113,148,284,321,293
9,446321,"Detwiler, Ross",311,2.9,0.4,0.2,0.4,0.6,0.424,0.287,0.296,2,5,73,-9.6,2164,83,81.9,1,9,0,-1.0999999999999943,5.41,117,154,119,151,297,318,299
9,656849,"Peterson, David",812,1.1,0.25,0.25,0.25,0.5,0.31,0.126,0.117,1,4,90.1,29.8,2210,81.1,82.09,0,9,0,1,6.94,105,147,114,141,300,316,289
8,642701,"Santana, Dennis",284,2.8,0.2,0.6,0,0.8,0.396,0.314,0.187,1,5,91.1,32.6,2808,85.4,84.81,0,8,0,-0.6000000000000085,5.72,107,155,119,149,301,314,282
8,656232,"Bielak, Brandon",597,1.3,0.667,0.333,0.667,1,0.707,0.75,0.687,2,3,98.4,24.3,2394,83.7,82.59,4,8,0,-1.1000000000000085,5.54,112,153,123,148,296,323,298
8,606131,"Perdomo, Luis",276,2.9,0,0,0,0,0,0.127,0.135,0,4,90,-14.7,2340,86.2,85.84,1,8,0,-0.4000000000000057,5.91,119,151,113,149,314,333,309
8,605242,"Fulmer, Michael",528,1.5,0.5,0.75,0.333,1.25,0.715,0.46,0.318,2,4,74.4,3.5,2273,88.7,89.32,1,8,0,0.5999999999999943,6.44,104,144,120,146,298,328,290
8,425844,"Greinke, Zack",1060,0.8,0.5,0.25,0.5,0.75,0.53,0.414,0.418,2,4,98.9,24.8,2401,84,83.67,1,8,0,-0.29999999999999716,5.9,110,156,116,150,292,321,292
8,519293,"Smith, Will",252,3.2,0.5,1.5,0,2,0.99,0.88,0.495,3,6,101.6,27.4,2292,81.5,81.35,1,8,0,-0.20000000000000284,6.19,100,146,109,150,306,324,294
8,592390,"Hembree, Heath",363,2.2,0.5,0.75,0.333,1.25,0.715,0.512,0.272,2,4,93.9,41,2728,87.4,88.31,0,8,0,0.8999999999999915,6.61,105,150,115,140,295,324,287
8,570666,"Cessa, Luis",360,2.2,0.5,0.5,0.5,1,0.613,0.408,0.318,3,6,90.5,31.8,2502,83.5,83.05,0,8,0,-0.4000000000000057,5.8,114,151,124,150,292,319,282
8,640448,"Finnegan, Kyle",419,1.9,0,0,0,0,0,0.041,0.045,0,3,80.9,32.7,2064,86.9,87.63,1,8,0,0.6999999999999886,6.48,108,149,115,146,299,319,296
8,592229,"Covey, Dylan",215,3.7,0.5,0.167,0.5,0.667,0.501,0.389,0.413,3,6,88.5,21.3,2138,86.5,86.09,0,8,0,-0.4000000000000057,5.9,111,152,119,145,288,322,284
8,518617,"Diekman, Jake",354,2.3,0.25,0,0.333,0.25,0.221,0.105,0.112,1,4,83.8,3,2807,83.7,83.76,2,8,0,0.09999999999999432,6.2,116,155,135,153,296,327,305
8,595001,"Smith, Josh A.",426,1.9,0.2,0.6,0,0.8,0.396,0.613,0.413,1,5,95.7,12.2,2621,87.3,87.71,1,8,0,0.4000000000000057,6.38,103,146,119,147,305,321,292
8,669373,"Skubal, Tarik",591,1.4,0.5,0,0.5,0.5,0.441,0.544,0.572,2,4,91.2,16.8,2246,85.6,85.91,1,8,0,0.30000000000001137,6.3,107,147,114,146,299,329,286
8,677976,"Dobnak, Randy",748,1.1,0,0,0,0,0,0.422,0.348,0,3,89.6,33.3,2382,83.2,82.53,0,8,0,-0.7000000000000028,5.63,109,155,121,150,301,330,290
8,642083,"Slegers, Aaron",387,2.1,0.667,0.333,0.667,1,0.707,0.366,0.386,2,3,86.1,-4.3,2086,85.1,86.52,0,8,0,1.4000000000000057,7.23,104,148,120,149,301,319,296
8,424144,"Pérez, Oliver",281,2.8,0.5,0,0.5,0.5,0.441,0.428,0.423,1,2,82.1,31.5,2225,77.3,77.3,1,8,0,0,6.22,103,143,120,144,288,314,290
8,572096,"Rosenthal, Trevor",381,2.1,0,0,0,0,0,0.107,0.102,0,5,82.8,7,2311,86.7,87.34,0,8,0,0.5999999999999943,6.43,110,150,122,144,304,331,301
8,641447,"Castano, Daniel",474,1.7,0,0,0,0,0,0.178,0.126,0,3,84.2,-5.3,2444,78.9,78.76,1,8,0,-0.10000000000000853,6.2,99,148,105,148,294,317,293
7,621368,"Hearn, Taylor",352,2,,,,,,,,,,,,2209,84.5,84.57,2,7,0,0.09999999999999432,6.2,104,150,115,142,297,320,295
7,501985,"Minor, Mike",979,0.7,0.333,0,0.5,0.333,0.294,0.166,0.182,1,3,79.3,-18.5,2736,85,85.11,1,7,0,0.09999999999999432,5.89,113,154,118,150,300,325,286
7,543101,"DeSclafani, Anthony",602,1.2,0,0,0,0,0,0.122,0.08,0,4,86.8,42.8,2242,86.3,86.94,1,7,0,0.6000000000000085,6.54,125,154,125,163,295,320,291
7,543901,"Weber, Ryan",645,1.1,0,0,0,0,0,0.254,0.135,0,5,87.3,39,2284,77,75.9,1,7,0,-1.0999999999999943,5.57,106,154,112,144,279,321,302
7,544727,"Familia, Jeurys",455,1.5,0.333,1,0,1.333,0.66,0.702,0.37,1,3,88.1,20.3,2295,89.1,88.7,2,7,0,-0.3999999999999915,5.74,119,149,120,145,302,318,292
7,624586,"Hoyt, James",244,2.9,0,0,0,0,0,0.379,0.413,0,3,87.7,28.3,2782,80.4,80.57,2,7,0,0.19999999999998863,5.96,100,151,118,146,312,322,294
7,453268,"Bard, Daniel",404,1.7,0.333,1,0,1.333,0.66,0.28,0.184,1,3,90.5,39,2831,88.2,88.43,0,7,0,0.20000000000000284,6.11,125,156,121,151,305,324,303
7,548389,"Stripling, Ross",815,0.9,0.25,0,0.25,0.25,0.221,0.226,0.217,1,4,84.8,17.5,2477,83.5,83.21,1,7,0,-0.29999999999999716,5.87,109,152,112,147,298,317,286
7,605540,"Woodruff, Brandon",1211,0.6,0,0,0,0,0,0.402,0.376,0,4,98.1,12,2488,88.3,89.13,2,7,0,0.7999999999999972,6.61,102,153,126,150,298,323,299
7,643290,"Dunn, Justin",801,0.9,0.167,0.5,0,0.667,0.33,0.534,0.303,1,6,93.9,39,2396,83.3,83.77,0,7,0,0.5,6.4,112,162,124,151,290,325,297
7,606996,"Hart, Kyle",260,2.7,0.6,0.2,0.6,0.8,0.601,0.537,0.461,3,5,92.8,27,2194,83.1,83.4,1,7,0,0.30000000000001137,6.23,110,146,116,145,277,318,284
7,592866,"Williams, Trevor",1017,0.7,0.75,0.75,0.667,1.5,0.936,0.573,0.536,3,4,91.8,9.3,2256,82.6,83.9,0,7,0,1.3000000000000114,6.84,99,146,114,138,298,320,288
7,650895,"Castillo, Diego",320,2.2,0,0,0,0,0,0.023,0.022,0,3,87,54,2156,84.7,83.59,1,7,0,-1.1000000000000085,5.61,99,156,117,148,304,323,304
7,592865,"Williams, Taylor",272,2.6,0,0,0,0,0,0.186,0.1,0,4,90.6,36.7,2340,86,85.87,2,7,0,-0.09999999999999432,6.19,115,162,123,149,282,328,295
7,656945,"Scott, Tanner",345,2,0,0,0,0,0,0.143,0.147,0,5,87,12.4,2774,88.7,88.81,0,7,0,0.09999999999999432,6.23,115,154,116,149,290,318,302
7,595918,"Cole, A.J.",390,1.8,0.5,1.25,0.333,1.75,0.884,0.194,0.174,2,4,97.2,39.8,2277,83.2,83.66,1,7,0,0.5,6.3,106,148,117,146,283,303,282
7,685493,"Yamaguchi, Shun",501,1.4,0.5,1.25,0.333,1.75,0.884,0.377,0.311,2,4,95.9,29.5,2260,82.4,82.46,0,7,0,0.09999999999999432,6.34,103,139,104,136,290,315,294
7,656427,"Flaherty, Jack",719,1,0,0,0,0,0,0.144,0.159,0,5,81.1,26,2317,83.7,84.17,1,7,0,0.5,6.54,111,158,110,150,302,324,301
7,622491,"Castillo, Luis",1153,0.6,0.6,0,0.6,0.6,0.53,0.303,0.316,3,5,85,4,2618,86.2,85,1,7,0,-1.2000000000000028,5.29,111,155,113,147,301,323,290
7,554430,"Wheeler, Zack",1077,0.6,,,,,,,,,,,,2374,89.2,90.66,3,7,0,1.5,7.09,103,142,107,142,292,326,301
7,527054,"Teheran, Julio",572,1.2,0.667,0.333,0.667,1,0.707,0.393,0.398,2,3,93.9,30.7,2582,80.7,81.01,0,7,0,0.29999999999999716,6.33,108,150,124,147,299,321,290
7,622092,"Zimmer, Kyle",373,1.9,0.4,0.4,0.4,0.8,0.495,0.351,0.325,2,5,98.5,21.6,2089,82.7,82.71,1,7,0,0,6.2,110,160,125,144,310,333,303
7,596295,"Gomber, Austin",526,1.3,0.333,1,0,1.333,0.66,0.502,0.315,1,3,93.2,12,2331,85.4,86.64,2,7,0,1.1999999999999886,6.63,111,154,118,147,307,326,294
7,612434,"Castro, Miguel",475,1.5,0.5,0.5,0.5,1,0.619,0.373,0.273,1,2,95.8,27,2942,86.3,87.03,0,7,0,0.7000000000000028,6.57,115,151,124,146,305,323,295
7,605288,"Houser, Adrian",922,0.8,0.25,0,0.25,0.25,0.221,0.285,0.302,1,4,82.6,11.8,2245,85.9,86.71,0,7,0,0.7999999999999972,6.56,101,150,120,151,300,319,298
7,607391,"Mazza, Chris",538,1.3,0.667,0.333,0.667,1,0.707,0.559,0.573,2,3,92.4,29.3,2363,81.6,82.79,1,7,0,1.2000000000000028,7.07,112,149,120,148,300,334,289
6,642546,"Hernández, Jonathan",497,1.2,0.333,0,0.4,0.333,0.294,0.259,0.249,2,6,90.4,33.8,2371,88.5,88.98,1,6,0,0.5,6.32,108,151,119,150,294,315,285
6,664854,"Helsley, Ryan",194,3.1,0,0,0,0,0,0.206,0.122,0,4,94.5,12.3,2520,87.7,88.43,1,6,0,0.7000000000000028,6.5,106,147,110,146,296,322,298
6,641871,"Middleton, Keynan",210,2.9,0,0,0,0,0,0.097,0.06,0,3,92.1,37,2438,86.7,87.38,0,6,0,0.7000000000000028,6.58,113,149,117,148,308,327,300
6,579328,"Kikuchi, Yusei",795,0.8,0,0,0,0,0,0.136,0.096,0,2,92,27.3,2363,82.7,83.67,1,6,0,1,6.72,101,152,115,147,292,328,294
6,641482,"Cortes, Nestor",165,3.6,0,0,0,0,0,0.197,0.216,0,2,78.8,36,2284,79.1,78.63,1,6,0,-0.5,5.7,111,162,132,149,297,320,287
6,501381,"Pineda, Michael",455,1.3,0,0,0,0,0,0.124,0.133,0,3,90.1,12,1948,81.6,81.37,0,6,0,-0.19999999999998863,6.18,104,154,117,148,294,327,295
6,664062,"Gonsolin, Tony",705,0.9,0.333,0,1,0.333,0.294,0.032,0.034,1,3,93.2,-26,2783,87.8,87.58,2,6,0,-0.20000000000000284,5.82,114,163,129,148,299,316,291
6,518553,"Cishek, Steve",374,1.6,0.667,0.333,0.667,1,0.707,0.399,0.344,2,3,98.5,20,2322,78.3,80.22,1,6,0,1.9000000000000057,7.62,111,147,119,146,298,321,295
6,669060,"Wilson, Bryse",313,1.9,0,0,0,0,0,0.023,0.02,0,1,79.7,38,2201,88,88.87,0,6,0,0.9000000000000057,6.63,113,149,118,152,307,334,292
6,621129,"Cody, Kyle",370,1.6,0,0,0,0,0,0.246,0.231,0,4,92.3,24,2521,82.9,82.62,1,6,0,-0.30000000000001137,6.08,108,158,119,150,306,316,289
6,641302,"Alexander, Tyler",599,1,0.667,0.667,0.667,1.333,0.814,0.407,0.323,2,3,94,-11.3,2349,82.9,83.45,0,6,0,0.5999999999999943,6.28,113,145,112,149,290,323,291
6,642130,"Taylor, Blake",341,1.8,0.4,0.6,0.25,1,0.572,0.376,0.331,2,5,71.7,1,2253,85.5,85.83,0,6,0,0.29999999999999716,6.48,105,164,123,152,291,326,301
6,592826,"Velasquez, Vince",650,0.9,1,1,1,2,1.238,0.416,0.44,1,1,83.9,7,2465,87,87.9,0,6,0,0.9000000000000057,6.62,92,152,121,144,299,329,291
6,660600,"Paredes, Enoli",362,1.7,0,0,0,0,0,0.006,0.007,0,1,80.4,62,2934,86.5,86.4,2,6,0,-0.09999999999999432,6.13,108,145,112,144,285,308,290
6,545064,"Díaz, Jairo",364,1.6,0.25,0.25,0.25,0.5,0.31,0.392,0.268,1,4,95.1,30.5,2114,84.4,84.32,0,6,0,0,5.95,116,152,118,149,308,322,297
6,605195,"Crick, Kyle",115,5.2,0.333,0,0.4,0.333,0.294,0.533,0.563,2,6,78.6,1.2,3125,77.1,76.33,1,6,0,-0.7999999999999972,6.08,107,153,127,149,294,322,308
6,641729,"Jiménez, Joe",389,1.5,0.667,2,0,2.667,1.319,0.892,0.476,2,3,101.3,36.3,2341,83.6,84.35,2,6,0,0.7000000000000028,6.57,113,153,123,143,303,328,292
6,641851,"McGowin, Kyle",199,3,0,0,0,0,0,0.004,0.004,0,2,94.3,57,2855,81.4,81.47,4,6,0,0.09999999999999432,6.25,112,149,119,144,301,316,301
6,670912,"Oviedo, Johan",444,1.4,0,0,0,0,0,0.286,0.186,0,2,95.6,34,2520,84.7,86.28,1,6,0,1.5999999999999943,7.03,109,158,116,149,298,325,305
6,642092,"Smith, Riley",250,2.4,0.2,0.2,0.2,0.4,0.248,0.114,0.1,1,5,88.4,28.4,1853,82.6,82.55,0,6,0,-0.09999999999999432,6.33,105,152,123,147,317,333,303
6,664129,"Hartlieb, Geoff",409,1.5,0.25,0,0.333,0.25,0.221,0.21,0.15,1,4,71.2,21.3,2182,81.6,81.78,1,6,0,0.20000000000000284,6.27,112,150,124,149,302,315,297
6,621290,"Bacus, Dakota",225,2.7,0.6,0.6,0.4,1.2,0.624,0.493,0.489,3,5,97.4,18.3,2597,85.6,84.62,0,6,0,-1,5.43,103,151,121,143,308,313,290
6,548384,"Raley, Brooks",336,1.8,0.333,0,0.333,0.333,0.294,0.338,0.362,1,3,79.1,28.3,2751,81.8,81.17,0,6,0,-0.5999999999999943,5.78,109,139,109,147,289,325,304
6,608717,"Stratton, Chris",547,1.1,0.6,0.8,0.5,1.4,0.82,0.546,0.43,3,5,99,14.2,2929,86,86.98,0,6,0,1,6.5,107,142,118,142,295,315,296
6,642003,"Reed, Cody",236,2.5,1,1.333,1,2.333,1.367,0.959,0.84,3,3,95,16.3,2546,87,87.72,1,6,0,0.7999999999999972,6.48,110,149,122,148,296,316,286
6,608032,"Estévez, Carlos",436,1.4,0.5,0,0.667,0.5,0.441,0.289,0.285,2,4,101.2,13.7,2151,87.6,87.95,2,6,0,0.4000000000000057,6.18,123,154,120,148,304,329,302
6,457918,"Happ, J.A.",787,0.8,0.167,0,0.167,0.167,0.147,0.195,0.148,1,6,87.3,28.5,2253,85.3,85.02,0,6,0,-0.29999999999999716,5.97,111,155,121,151,301,325,286
6,623474,"Herget, Jimmy",350,1.7,0.5,0.25,0.5,0.75,0.53,0.614,0.637,2,4,88.6,8,2591,83,81.3,0,6,0,-1.7000000000000028,4.98,109,153,117,150,300,318,293
6,625643,"López, Reynaldo",503,1.2,0.333,1,0,1.333,0.66,0.679,0.353,1,3,83.1,39.7,2232,81.7,82.3,1,6,0,0.5999999999999943,6.28,109,151,120,148,304,332,303
6,624418,"Castellani, Ryan",757,0.8,0,0,0,0,0,0.236,0.26,0,1,99.6,-9,2592,85.9,86.27,2,6,0,0.3999999999999915,6.05,102,153,119,146,310,337,309
6,628452,"Iglesias, Raisel",361,1.7,0.333,0,0.333,0.333,0.294,0.304,0.32,1,3,90.3,38.3,2577,84,83.55,1,6,0,-0.5,5.97,120,155,115,154,294,309,281
6,622694,"Hernandez, Elieser",453,1.3,0.5,1.5,0,2,0.99,0.374,0.216,1,2,85.4,10.5,2317,79,79.47,2,6,0,0.5,6.37,101,148,113,148,307,317,293
6,607644,"Means, John",745,0.8,0.667,1.333,0.5,2,1.072,0.935,0.627,2,3,99.6,29.3,2509,85.8,85.67,1,6,0,-0.09999999999999432,5.95,113,155,116,148,300,320,290
5,641712,"Hudson, Dakota",589,0.8,0.5,1.5,0,2,0.99,0.238,0.17,1,2,97.1,34.5,2289,88.2,88.64,0,5,0,0.3999999999999915,6.44,104,151,119,146,299,328,302
5,594577,"Mayers, Mike",512,1,0,0,0,0,0,0.056,0.05,0,2,88.3,35,1978,86.6,85.82,0,5,0,-0.7999999999999972,5.68,123,160,126,151,314,323,302
5,669456,"Bieber, Shane",1238,0.4,0.5,1.5,0,2,0.99,1.011,0.639,1,2,105.7,7.5,2509,84.1,84.94,1,5,0,0.8000000000000114,6.44,104,151,115,147,297,319,291
5,664139,"Gibaut, Ian",241,2.1,0,0,0,0,0,0.261,0.287,0,1,100.4,-9,2287,86.2,86.18,1,5,0,0,6.18,104,140,107,142,304,326,290
5,605397,"Musgrove, Joe",673,0.7,0.333,0,0.333,0.333,0.294,0.17,0.18,1,3,87.1,28.3,2649,82.3,81.86,0,5,0,-0.3999999999999915,5.84,116,157,123,150,298,317,295
5,542914,"Bass, Anthony",385,1.3,0.333,1,0,1.333,0.66,0.709,0.411,1,3,100.8,18,2155,84.8,85.16,0,5,0,0.4000000000000057,6.34,111,151,120,147,293,312,288
5,680702,"Gerber, Joey",233,2.1,0.5,0,0.5,0.5,0.441,0.309,0.341,1,2,98.9,-10.5,1916,83.7,84.16,1,5,0,0.5,6.36,104,147,121,144,298,323,286
5,623470,"Newberry, Jake",387,1.3,0,0,0,0,0,0.388,0.34,0,1,97.2,23,2575,82.5,82.14,2,5,0,-0.4000000000000057,5.84,112,154,118,145,297,319,305
5,623352,"Hader, Josh",372,1.3,0,0,0,0,0,0.008,0.007,0,1,88.9,43,2473,80,80.38,2,5,0,0.4000000000000057,6.54,103,154,130,145,309,322,299
5,519393,"Walden, Marcus",285,1.8,0.5,0,0.5,0.5,0.441,0.615,0.62,1,2,98.2,16,2139,84.8,85.34,0,5,0,0.5,6.76,119,157,111,148,275,314,294
5,607625,"Lugo, Seth",610,0.8,0.333,0,0.333,0.333,0.294,0.323,0.358,1,3,79.4,-6.3,2297,87.6,87.64,0,5,0,0,5.88,109,147,114,146,298,316,290
5,622772,"Cordero, Jimmy",424,1.2,0.5,0,0.5,0.5,0.441,0.638,0.676,2,4,98.6,7.5,2196,87.9,89.58,0,5,0,1.6999999999999886,7.06,111,143,117,141,294,327,295
5,543272,"Hand, Brad",363,1.4,0,0,0,0,0,0.224,0.213,0,3,81.9,49.3,2385,79.4,78.2,1,5,0,-1.2000000000000028,5.34,104,149,113,144,296,313,284
5,605164,"Bundy, Dylan",1018,0.5,0,0,0,0,0,0.156,0.097,0,2,94.6,31,2670,80.5,79.92,1,5,0,-0.5999999999999943,5.74,104,149,121,145,313,329,301
5,656464,"Ginkel, Kevin",340,1.5,0,0,0,0,0,0.118,0.125,0,3,84.7,-9.5,2488,83,84.24,1,5,0,1.2000000000000028,6.84,113,140,110,143,301,322,304
5,621242,"Díaz, Edwin",483,1,0,0,,0,0,0,,0,1,,,2288,89.5,90.86,2,5,0,1.4000000000000057,6.92,115,148,121,146,296,317,296
5,572703,"Bard, Luke",79,6.3,0.667,0.667,0.667,1.333,0.814,0.569,0.433,2,3,88.8,38,2907,86.1,85.76,2,5,0,-0.29999999999999716,5.96,98,141,102,137,317,322,293
5,622490,"Leyer, Robinson",162,3.1,1,0.333,1,1.333,1.001,0.613,0.623,3,3,90.1,9.7,2343,86.9,86.06,0,5,0,-0.8000000000000114,5.56,106,148,119,147,283,321,300
5,570240,"Peña, Félix",460,1.1,0.333,0,0.5,0.333,0.294,0.308,0.329,1,3,87.4,-5.5,2510,83.5,66.84,1,5,0,-16.700000000000003,5.8,114,151,114,151,307,327,289
5,657611,"Hill, Cam",291,1.7,0.5,0.75,0.5,1.25,0.715,0.377,0.283,2,4,87.2,28.3,2598,83.8,84.3,1,5,0,0.5,6.48,108,150,128,151,292,320,297
5,624133,"Suárez, Ranger",94,5.3,0,0,0,0,0,0.145,0.137,0,2,88.5,46,2148,84.2,84.16,0,5,0,0,6.24,103,142,96,147,295,321,299
5,608335,"Funkhouser, Kyle",319,1.6,0.6,0.6,0.5,1.2,0.749,0.516,0.444,3,5,99.7,9,2471,85.6,86.22,0,5,0,0.6000000000000085,6.5,107,148,124,143,302,322,284
5,444468,"Rondón, Héctor",390,1.3,0.25,0,0.25,0.25,0.221,0.399,0.405,1,4,89.6,35.3,2279,85.3,85.64,0,5,0,0.29999999999999716,6.44,108,152,121,150,304,326,299
5,474463,"Anderson, Brett",752,0.7,0.667,1.333,0.333,2,0.804,0.461,0.365,2,3,93.8,42,2407,81.7,81.52,0,5,0,-0.20000000000000284,5.92,96,147,104,138,299,318,286
5,592135,"Bedrosian, Cam",241,2.1,0.333,0.333,0.333,0.667,0.413,0.198,0.202,1,3,83.1,41,2561,80.4,79.62,1,5,0,-0.8000000000000114,5.8,122,152,129,142,315,323,305
5,670990,"Ramirez, Yohan",420,1.2,0,0,0,0,0,0.086,0.095,0,4,72.1,51.7,2388,81.9,82.84,1,5,0,0.8999999999999915,7.06,107,159,131,148,290,328,299
5,593372,"Martinez, Carlos",402,1.2,0.5,0,0.5,0.5,0.441,0.372,0.388,1,2,95.3,0,2230,83.5,82.5,1,5,0,-1,5.56,107,140,105,146,297,322,297
5,641540,"Dunning, Dane",571,0.9,0,0,0,0,0,0.09,0.084,0,2,90.2,29,2103,81.9,82,0,5,0,0.09999999999999432,6.18,113,151,117,147,301,332,309
5,502188,"Samardzija, Jeff",298,1.7,0,0,0,0,0,0.494,0.3,0,2,91.5,39,2572,83.5,83.96,1,5,0,0.5,6.44,108,158,120,149,296,315,292
5,570632,"Ureña, José",396,1.3,0.5,0,0.5,0.5,0.441,0.259,0.287,1,2,94.6,19.5,2367,85.8,85.84,1,5,0,0,6.26,94,150,119,145,316,323,289
5,592426,"Jackson, Luke",488,1,0,0,0,0,0,0.004,0.004,0,2,88.5,41.5,2449,85.5,86.3,1,5,0,0.7999999999999972,6.54,103,139,109,142,306,326,302
5,552640,"Kittredge, Andrew",115,4.3,0.667,0.333,0.667,1,0.707,0.511,0.443,2,3,105.1,1.3,2777,87.2,88.3,0,5,0,1.0999999999999943,6.86,110,156,118,147,302,316,293
5,554431,"Matzek, Tyler",483,1,1,0,1,1,0.883,0.686,0.726,3,3,97.4,7,2926,83.4,83.82,0,5,0,0.3999999999999915,6.42,117,150,108,151,304,331,301
5,650644,"Civale, Aaron",1201,0.4,0,0,0,0,0,0.253,0.223,0,3,94.9,16,2705,82.1,82.12,0,5,0,0,6.06,108,153,123,150,299,321,291
4,643256,"Cimber, Adam",177,2.3,0.25,0.5,0.25,0.75,0.39,0.353,0.227,1,4,87.1,19,2397,77.1,76.93,0,4,0,-0.19999999999998863,6.25,113,152,116,152,290,315,291
4,626929,"Thorpe, Lewis",272,1.5,0.5,0.75,0.5,1.25,0.715,0.486,0.404,2,4,94.2,23.7,2015,81.1,81.85,1,4,0,0.9000000000000057,6.72,102,149,106,150,303,327,299
4,623465,"Phillips, Evan",284,1.4,0,0,,0,0,0,,0,1,,,2444,83.9,83.45,1,4,0,-0.4000000000000057,6.15,109,155,124,148,306,315,279
4,641793,"Littell, Zack",117,3.4,0,0,0,0,0,0.06,0.067,0,1,82.7,28,2269,89.6,90.27,0,4,0,0.7000000000000028,6.45,99,149,117,149,303,336,293
4,458676,"Lindblom, Josh",793,0.5,0,0,0,0,0,0.073,0.057,0,4,86.3,44.5,2367,75.8,75.95,0,4,0,0.20000000000000284,6.28,105,148,105,139,293,324,302
4,642397,"Soto, Gregory",394,1,0,0,0,0,0,0.057,0.054,0,2,91.4,-20,2367,87.2,88.45,2,4,0,1.2999999999999972,6.95,108,151,121,147,299,332,298
4,607374,"Tropeano, Nick",242,1.7,,,,,,,,,,,,2234,77.9,76.8,2,4,0,-1.1000000000000085,5.4,104,154,127,150,318,329,302
4,643316,"Fry, Paul",376,1.1,0.667,0,0.667,0.667,0.588,0.255,0.243,2,3,97.3,1,2802,84.8,84.57,0,4,0,-0.20000000000000284,6.15,104,148,117,145,292,323,295
4,520980,"Báez, Pedro",306,1.3,0,0,0,0,0,0.004,0.005,0,3,89.3,55.3,1706,86.4,85.88,1,4,0,-0.5,5.83,93,160,123,146,304,325,294
4,670167,"Schreiber, John",281,1.4,0.5,0,0.5,0.5,0.441,0.504,0.468,2,4,94.1,27,2430,76.7,77.2,0,4,0,0.5,6.72,113,154,121,149,295,324,280
4,660623,"Ynoa, Huascar",395,1,1,0,1,1,0.883,0.63,0.7,2,2,99.1,9,2285,86.3,85.53,0,4,0,-0.7999999999999972,5.75,118,162,118,154,302,330,300
4,543548,"Milone, Tommy",697,0.6,0.75,0.75,0.667,1.5,0.936,0.355,0.331,3,4,78.7,-3.8,2285,79.6,79.35,0,4,0,-0.29999999999999716,6.17,117,160,132,154,296,327,301
4,448179,"Hill, Rich",619,0.6,0.5,0,0.5,0.5,0.441,0.427,0.42,1,2,98.3,30.5,2771,70.3,69.22,0,4,0,-1.0999999999999943,5.92,116,157,115,150,296,326,293
4,605388,"Morgan, Adam",219,1.8,0.5,1.5,0,2,0.99,0.636,0.337,1,2,90.5,31.5,2739,81,80.38,1,4,0,-0.5999999999999943,5.73,121,152,122,151,295,327,300
4,606424,"García, Jarlín",284,1.4,0,0,0,0,0,0,0,0,1,90.8,75,2309,83,83.68,0,4,0,0.7000000000000028,6.58,114,167,124,151,285,327,299
4,455119,"Martin, Chris",282,1.4,1,0,1,1,0.883,0.679,0.733,1,1,80,14,2499,82.8,82.38,0,4,0,-0.3999999999999915,6.25,109,150,117,151,308,336,299
4,592811,"Triggs, Andrew",165,2.4,0,0,0,0,0,0.369,0.353,0,1,95.5,20,2444,83.2,83.42,0,4,0,0.20000000000000284,6.68,106,159,124,151,270,326,295
4,640444,"Crowe, Wil",194,2.1,0.25,0.75,0,1,0.495,0.668,0.43,1,4,84.5,39.5,2605,83.1,83.55,0,4,0,0.4000000000000057,6.38,108,151,120,146,309,311,296
4,592761,"Smith, Caleb",267,1.5,0.333,0,0.333,0.333,0.294,0.219,0.241,1,3,85.7,29.7,2585,84,82.88,1,4,0,-1.0999999999999943,5.47,116,148,114,150,309,336,296
4,608328,"De Jong, Chase",143,2.8,0.5,0,0.5,0.5,0.441,0.729,0.74,1,2,98,9.5,2263,85.3,84.83,0,4,0,-0.5,5.75,89,153,119,150,301,321,289
4,663474,"McKenzie, Triston",550,0.7,0.5,1.5,,2,0.99,0.876,0.457,1,2,104.1,26,2224,86.9,88.08,1,4,0,1.2999999999999972,6.8,99,152,117,147,313,334,292
4,453192,"Miller, Andrew",205,2,0.333,0.333,0.5,0.667,0.413,0.252,0.249,1,3,91.5,13,2583,80.6,82.38,1,4,0,1.8000000000000114,7.13,107,154,128,151,299,319,297
4,543339,"Hudson, Daniel",378,1.1,0.667,0,0.667,0.667,0.588,0.521,0.507,2,3,100.2,24,2549,86.3,87.2,0,4,0,0.9000000000000057,6.53,104,152,118,146,305,324,302
4,676606,"Margevicius, Nick",679,0.6,0.5,0,1,0.5,0.441,0.386,0.4,1,2,88.4,18,1724,84.7,85.4,1,4,0,0.7000000000000028,6.52,120,169,134,152,300,325,297
4,605525,"Wendelken, J.B.",427,0.9,0.333,0,0.333,0.333,0.294,0.337,0.322,1,3,91.8,41.7,2284,85.8,85.53,0,4,0,-0.29999999999999716,6.07,114,149,122,148,299,320,291
4,621366,"Borucki, Ryan",322,1.2,0,0,,0,0,0,,0,2,,,2346,86.1,86.3,2,4,0,0.20000000000000284,6.3,97,162,149,148,271,310,298
4,605155,"Brewer, Colten",506,0.8,0.667,1,0.5,1.667,0.954,0.874,0.647,2,3,105.6,12.3,2545,89.7,90.02,0,4,0,0.29999999999999716,6.22,114,149,118,144,285,322,283
4,595014,"Treinen, Blake",396,1,0.5,0,0.5,0.5,0.441,0.461,0.463,1,2,83.6,25,2698,88,87.72,0,4,0,-0.29999999999999716,5.7,103,158,124,145,307,329,296
4,660813,"Graterol, Brusdar",291,1.4,0,0,0,0,0,0.003,0.004,0,2,91.3,48,2460,89.3,88.2,0,4,0,-1.0999999999999943,5.45,113,155,121,148,305,318,289
4,624407,"Lin, Tzu-Wei",22,18.2,1,1,1,2,1.238,0.636,0.707,1,1,95.7,10,1965,67.2,65.42,1,4,0,-1.7999999999999972,4.67,118,149,127,146,283,317,296
4,502202,"Boxberger, Brad",357,1.1,0,0,0,0,0,0.627,0.327,0,1,98.4,35,2526,90.6,89.85,2,4,0,-0.7999999999999972,5.53,107,148,114,150,318,324,298
4,657277,"Webb, Logan",998,0.4,0.5,0.5,1,1,0.619,0.358,0.36,1,2,100.5,15,2782,81.4,61.27,1,4,0,-20.10000000000001,6.6,113,154,118,148,298,323,295
4,465657,"Soria, Joakim",377,1.1,0.333,0,0.5,0.333,0.294,0.286,0.3,1,3,94.2,32,2739,76.8,77,2,4,0,0.20000000000000284,6.63,106,149,123,146,300,322,298
4,630023,"Chirinos, Yonny",190,2.1,0.333,1,0,1.333,0.66,0.678,0.42,1,3,91.8,27,2253,87.2,86.92,0,4,0,-0.29999999999999716,6.08,110,147,117,142,295,316,291
4,542585,"Cisnero, José",519,0.8,0,0,0,0,0,0.725,0.42,0,2,100.1,33,2453,86.6,86.8,0,4,0,0.20000000000000284,6.08,120,152,121,147,297,326,285
4,543483,"Magill, Matt",177,2.3,0.333,1,0,1.333,0.66,0.491,0.265,1,3,95.2,36,2626,85.1,86.22,0,4,0,1.1000000000000085,6.8,106,150,121,145,300,327,281
4,503285,"O'Day, Darren",261,1.5,0,0,0,0,0,0.316,0.344,0,2,91.3,32.5,2311,78.9,79.92,0,4,0,1,6.8,116,152,117,152,310,322,290
4,607229,"Gsellman, Robert",278,1.4,0.5,0,0.5,0.5,0.441,0.376,0.396,1,2,76.6,20.5,2326,89.3,89.5,1,4,0,0.20000000000000284,6.28,113,148,114,141,301,314,289
4,608678,"Leone, Dominic",191,2.1,0.333,0,1,0.333,0.294,0.141,0.129,1,3,101.2,18,2413,83.7,84.63,2,4,0,0.8999999999999915,6.63,111,153,125,152,299,324,286
4,658305,"García, Edgar",68,5.9,0,0,0,0,0,0.007,0.007,0,1,91.7,59,2328,84.6,84.82,1,4,0,0.20000000000000284,6.45,100,152,110,146,304,323,289
3,657031,"Taylor, Josh",146,2.1,1,1,1,2,1.238,0.527,0.447,1,1,99.8,21,2251,86.8,87.9,2,3,0,1.1000000000000085,6.77,114,150,116,146,274,320,291
3,596057,"Norris, Daniel",490,0.6,0,0,0,0,0,0.109,0.119,0,2,93.9,-6,2551,85.5,84.3,1,3,0,-1.2000000000000028,5.37,109,149,123,143,301,325,297
3,543699,"Roark, Tanner",901,0.3,0.5,0,0.5,0.5,0.441,0.489,0.528,1,2,105.9,2.5,2166,84.2,83.77,0,3,0,-0.4000000000000057,5.93,107,153,122,147,290,313,283
3,605482,"Sneed, Cy",336,0.9,0,0,0,0,0,0.023,0.018,0,3,80.9,55.5,2298,82.2,82.23,1,3,0,0,6.33,117,155,116,150,290,316,292
3,669203,"Burnes, Corbin",1010,0.3,0,0,0,0,0,0.108,0.101,0,1,88.8,-20,2958,86.3,87.03,0,3,0,0.7000000000000028,6.47,100,153,98,145,298,313,293
3,641420,"Burdi, Zack",168,1.8,0.333,1,0,1.333,0.66,0.888,0.559,1,3,86.3,0.3,2573,87.9,88.03,0,3,0,0.09999999999999432,5.9,117,160,121,150,296,319,297
3,596112,"Stephenson, Robert",176,1.7,0.5,1.5,0,2,0.99,0.432,0.283,1,2,91.7,30,2788,83.7,83.6,0,3,0,-0.10000000000000853,5.97,120,151,134,160,303,320,292
3,640455,"Manaea, Sean",812,0.4,0.5,0.5,0.5,1,0.619,0.556,0.404,1,2,103.2,28.5,1926,77.9,78.93,0,3,0,1,7,121,159,118,159,302,328,301
3,476454,"Betances, Dellin",241,1.2,0.667,0,1,0.667,0.588,0.416,0.424,2,3,96.2,15,2221,85.7,85.87,1,3,0,0.20000000000000284,6.27,107,150,128,144,312,322,300
3,656970,"Smeltzer, Devin",268,1.1,,,,,,,,,,,,2126,77.5,76.93,1,3,0,-0.5999999999999943,5.83,97,149,109,148,304,330,292
3,667498,"Dugger, Robert",212,1.4,0,0,0,0,0,0.277,0.15,0,2,98.5,39,2407,81.7,81.3,1,3,0,-0.4000000000000057,6.03,100,151,120,151,299,327,283
3,607237,"Garrett, Amir",299,1,0.5,0,0.5,0.5,0.441,0.738,0.59,1,2,103.3,24,1852,84.6,85.17,0,3,0,0.6000000000000085,6.6,126,156,121,149,293,311,292
3,547179,"Lorenzen, Michael",608,0.5,,,,,,,,,,,,2602,84.7,83.97,2,3,0,-0.7000000000000028,5.77,104,150,122,146,298,321,292
3,663878,"Pearson, Nate",324,0.9,0,0,0,0,0,0.263,0.245,0,3,90.4,1.3,2649,85.2,86.57,0,3,0,1.3999999999999915,6.73,114,160,121,147,301,315,297
3,592499,"Lewicki, Artie",57,5.3,0,0,0,0,0,0.352,0.193,0,1,98.4,37,2293,86.2,86.37,1,3,0,0.20000000000000284,6.1,108,152,116,147,303,321,301
3,592222,"Claudio, Alex",331,0.9,0.667,0.333,0.667,1,0.707,0.49,0.481,2,3,96,8.3,2151,75,74.6,0,3,0,-0.4000000000000057,5.9,119,153,130,161,296,320,299
3,457915,"Guerra, Javy",286,1,,,,,,,,,,,,2226,85.3,85.3,1,3,0,0,5.93,112,155,120,147,316,328,289
3,453265,"Watson, Tony",280,1.1,0,0,0,0,0,0.35,0,0,1,97.6,34,2371,82.3,82.27,1,3,0,0,5.97,107,158,125,151,296,314,292
3,657053,"Toussaint, Touki",491,0.6,1,3,,4,1.979,1.397,0.853,1,1,109.7,20,2255,84.9,86.3,0,3,0,1.3999999999999915,7.17,102,152,115,144,309,336,295
3,621142,"Buttrey, Ty",428,0.7,0,0,0,0,0,0.111,0.111,0,2,87.7,11,1994,82.2,81.1,0,3,0,-1.1000000000000085,5.4,99,151,118,144,301,319,294
3,650668,"Mejía, Humberto",205,1.5,0,0,0,0,0,0.032,0.027,0,1,91.1,36,2297,80.6,80.07,0,3,0,-0.5,5.73,115,154,114,152,286,322,305
3,665621,"García, Rony",393,0.8,1,3,,4,1.979,1.472,0.74,1,1,105.6,37,2215,86.5,86.2,0,3,0,-0.29999999999999716,5.8,113,153,116,143,298,329,284
3,669214,"Menez, Conner",169,1.8,0,0,0,0,0,0,0,0,2,78.6,72.5,2301,84.5,85.57,0,3,0,1.0999999999999943,6.67,121,169,121,150,292,319,309
3,475054,"Roe, Chaz",159,1.9,0.333,0.333,0.5,0.667,0.413,0.092,0.071,1,3,86,30,2994,79.6,79.03,1,3,0,-0.5999999999999943,6.27,116,155,110,146,295,322,294
3,657024,"Swanson, Erik",149,2,1,0,1,1,0.883,0.626,0.61,2,2,86.6,28,2426,88.2,89.57,0,3,0,1.3999999999999915,6.9,115,155,134,147,300,336,298
3,661255,"López, Yoan",285,1.1,0.667,1,0.5,1.667,0.954,0.844,0.526,2,3,97.5,8.7,2380,84.4,85.2,0,3,0,0.7999999999999972,6.77,105,149,127,136,296,327,305
3,672715,"Patiño, Luis",349,0.9,0,0,0,0,0,0.312,0.193,0,1,95.1,31,2650,84.2,85.3,1,3,0,1.0999999999999943,6.57,100,149,121,145,308,334,311
3,656322,"Coonrod, Sam",297,1,0,0,,0,0,0,,0,1,,,2713,87.9,88.57,1,3,0,0.6999999999999886,6.13,108,151,115,144,300,317,289
3,621078,"Lail, Brady",300,1,1,1,1,2,1.238,0.892,0.947,1,1,91.6,15,2575,84.6,84.8,0,3,0,0.20000000000000284,6,104,149,125,147,310,326,296
3,608371,"Sims, Lucas",464,0.6,0,0,0,0,0,0.083,0.086,0,2,86.8,-17.5,2248,82.8,81.57,0,3,0,-1.2000000000000028,5.6,118,155,134,157,300,323,294
3,554340,"Garcia, Yimi",241,1.2,1,0,1,1,0.883,0.755,0.807,1,1,69.4,31,2568,87.6,87.17,0,3,0,-0.3999999999999915,5.93,102,151,115,152,301,323,283
3,503569,"Dolis, Rafael",414,0.7,0,0,0,0,0,,,0,1,,,2321,84.7,84.43,0,3,0,-0.29999999999999716,5.9,111,159,128,139,297,315,288
3,650530,"Garcia, Bryan",332,0.9,0,0,0,0,0,0.557,0.6,0,1,103.5,6,2430,87.6,87.23,0,3,0,-0.3999999999999915,5.87,95,152,122,143,321,348,300
3,680692,"Stiever, Jonathan",137,2.2,0.5,1.5,0,2,0.99,1.275,0.793,1,2,106.7,15.5,2338,80.5,79.4,0,3,0,-1.0999999999999943,5.37,124,149,111,150,293,332,302
3,518774,"Harvey, Matt",247,1.2,0.333,0,0.5,0.333,0.294,0.216,0.235,1,3,74.2,1,2284,86.3,85.9,1,3,0,-0.3999999999999915,5.93,107,149,113,147,305,323,313
3,613534,"Adams, Austin",74,4.1,0.667,1,0.5,1.667,0.954,0.572,0.354,2,3,93.1,27.3,2880,87.2,87.1,0,3,0,-0.10000000000000853,5.83,103,147,146,149,298,330,310
3,656887,"Reid-Foley, Sean",133,2.3,0.5,0,0.5,0.5,0.441,0.693,0.736,1,2,107.5,8,2228,87,88.17,0,3,0,1.2000000000000028,6.77,105,153,122,147,290,309,283
3,605130,"Barlow, Scott",507,0.6,0,0,0,0,0,0.043,0.036,0,2,70.9,55,2322,82.7,84.27,1,3,0,1.5999999999999943,6.93,112,148,122,144,288,328,295
3,608337,"Giolito, Lucas",1214,0.2,0.333,0.333,0.333,0.667,0.413,0.362,0.291,1,3,98.2,21,2036,84.5,85.63,0,3,0,1.0999999999999943,6.67,95,143,112,147,302,323,293
3,607572,"Howard, Sam",361,0.8,0.5,1.5,0,2,0.99,0.52,0.274,1,2,97.5,43,2411,85.4,84.57,1,3,0,-0.8000000000000114,5.57,106,156,110,149,297,318,296
3,605498,"Suárez, Andrew",170,1.8,0.5,0,0.5,0.5,0.441,1.067,0.67,1,2,96.8,16.5,1977,83.7,83.23,0,3,0,-0.5,5.47,111,159,121,153,287,316,305
3,621219,"Mills, Alec",945,0.3,0,0,0,0,0,0.34,0.362,0,1,39.6,-42,2596,77.2,76.77,0,3,0,-0.4000000000000057,6,115,159,117,151,287,329,295
3,621052,"Reyes, Alex",369,0.8,0,0,0,0,0,0.04,0.039,0,3,75.2,10,2789,86.6,86.67,1,3,0,0.10000000000000853,6.23,107,153,120,150,303,322,310
3,571710,"Givens, Mychal",414,0.7,0.5,0,0.5,0.5,0.441,0.117,0.128,1,2,69.8,-16.5,2638,85.8,86.47,1,3,0,0.7000000000000028,6.4,116,155,110,143,308,330,296
3,656685,"Martin, Brett",222,1.4,0,0,0,0,0,0,0,0,1,84,71,2257,87.7,88.07,0,3,0,0.3999999999999915,6.4,113,152,106,148,294,313,295
3,663531,"Allen, Logan",186,1.6,0.5,0,0.5,0.5,0.441,0.335,0.363,1,2,88.7,-17,2489,82.4,82.43,0,3,0,0,6.13,111,152,116,152,287,310,293
3,547973,"Chapman, Aroldis",199,1.5,0,0,0,0,0,0.616,0.68,0,1,73.4,16,2393,85.2,86.47,1,3,0,1.2999999999999972,7.2,122,151,117,152,285,317,284
3,670426,"Diehl, Phillip",116,2.6,0.5,1.5,0,2,0.99,1.048,0.547,1,2,95,7,2760,79.8,79.33,0,3,0,-0.5,5.5,123,149,132,148,305,326,306
3,502043,"Gibson, Kyle",1139,0.3,,,,,,,,,,,,2468,82.8,83.5,1,3,0,0.7000000000000028,6.73,93,159,116,150,305,314,288
3,570663,"Robles, Hansel",317,0.9,0.5,1.5,0,2,0.99,0.71,0.436,1,2,95.1,29,2303,87.8,87.67,0,3,0,-0.09999999999999432,6.03,109,150,117,151,301,323,297
2,663366,"Burrows, Beau",110,1.8,,,,,,,,,,,,2188,86.6,85.4,1,2,0,-1.1999999999999886,5.65,119,154,128,144,308,322,284
2,605513,"Turnbull, Spencer",963,0.2,1,0,1,1,0.883,0.973,0.666,2,2,77,-9,2537,85.2,85.2,0,2,0,0,6,101,143,106,149,298,329,291
2,656793,"Nelson, Nick",374,0.5,1,0,1,1,0.883,0.842,0.88,1,1,92,16,2683,84.2,84.15,1,2,0,0,6.3,117,158,121,150,305,334,287
2,596101,"Shafer, Justin",112,1.8,1,1.5,1,2.5,1.431,1.254,0.764,2,2,105.1,22,2643,83.9,84.15,0,2,0,0.4000000000000057,6.35,109,154,116,151,307,317,295
2,641995,"Ramírez, Roel",30,6.7,1,0,1,1,0.883,0.261,0.287,1,1,100.4,-9,2613,82.8,82.9,0,2,0,0.10000000000000853,6.3,133,168,120,154,295,317,302
2,571656,"Farmer, Buck",341,0.6,1,3,,4,1.979,1.969,1,1,1,106.9,26,2827,82.2,82.2,0,2,0,0,5.95,120,151,121,150,297,317,298
2,543766,"Shaw, Bryan",153,1.3,,,,,,,,,,,,2553,83.2,82.15,1,2,0,-1,5.55,119,153,136,150,293,333,295
2,664092,"Poppen, Sean",153,1.3,0,0,0,0,0,0.458,0.347,0,1,95.9,23,1789,84.4,84.85,0,2,0,0.3999999999999915,6.2,107,153,113,151,319,347,309
2,605177,"Chafin, Andrew",184,1.1,0,0,0,0,0,0.445,0.367,0,1,97.9,22,2455,83.8,83.75,0,2,0,0,6.55,119,167,125,154,304,345,306
2,670970,"Morejon, Adrian",322,0.6,0.5,0,0.5,0.5,0.441,0.447,0.484,1,2,81.7,25,2612,83.8,84.3,0,2,0,0.5,6.2,87,144,132,143,291,334,326
2,592332,"Gausman, Kevin",975,0.2,1,3,,4,1.979,0.56,0.3,1,1,95.8,31,2449,82.9,83.8,0,2,0,0.8999999999999915,6.45,118,153,105,150,304,323,295
2,521655,"Font, Wilmer",368,0.5,0,0,0,0,0,0.097,0.067,0,1,87.1,30,2280,85.4,86.3,0,2,0,1,6.6,111,146,120,145,271,309,290
2,665620,"García, Deivi",532,0.4,0,0,,0,0,0,,0,1,,,2428,82.4,82.6,2,2,0,0.19999999999998863,6.45,88,151,131,132,304,323,277
2,665001,"Kelley, Trevor",77,2.6,0,0,0,0,0,0.077,0.069,0,1,82.6,-11,2370,84.8,85.3,0,2,0,0.5,6.6,129,150,118,151,299,331,296
2,621261,"Oswalt, Corey",223,0.9,0,0,0,0,0,0.31,0.208,0,2,92,15.5,2174,87.5,88.9,0,2,0,1.4000000000000057,6.8,115,150,120,148,292,317,294
2,650382,"Hernandez, Darwinzon",176,1.1,0,0,0,0,0,0.127,0.127,0,1,69.9,51,2599,84.6,85.65,0,2,0,1.1000000000000085,6.9,100,149,122,144,290,324,281
2,601713,"Pivetta, Nick",290,0.7,0,0,0,0,0,0,0,0,1,92.4,55,2370,85.4,86.25,0,2,0,1,6.65,115,154,104,141,275,321,288
2,571521,"Brothers, Rex",76,2.6,0.5,1.5,0,2,0.99,0.235,0.189,1,2,97.5,17,2287,86.4,86.2,0,2,0,-0.20000000000000284,5.9,119,149,112,147,272,317,290
2,519455,"Zimmermann, Jordan",108,1.9,0.5,0,0.5,0.5,0.441,0.361,0.333,1,2,92.5,24,2367,85.6,85.6,0,2,0,0,6,118,154,108,145,319,328,292
2,670550,"Rodriguez, Nivaldo",187,1.1,,,,,,,,,,,,2016,89.1,88.55,1,2,0,-0.5999999999999943,5.85,109,153,105,149,292,318,303
2,472610,"García, Luis",184,1.1,,,,,,,,,,,,2387,84.9,85.25,0,2,0,0.5,6.3,110,153,118,151,297,324,285
2,663432,"Rainey, Tanner",299,0.7,0,0,0,0,0,0.387,0.397,0,2,101.4,10,2409,85.9,86.55,1,2,0,0.6999999999999886,6.3,93,144,108,146,297,311,284
2,642098,"Sparkman, Glenn",90,2.2,,,,,,,,,,,,2307,84.5,85.1,0,2,0,0.5999999999999943,6.35,122,173,147,153,301,338,309
2,669064,"Bailey, Brandon",97,2.1,1,1,1,2,1.238,0.258,0.269,1,1,99.3,-10,2391,87.8,86.95,0,2,0,-0.8999999999999915,5.55,112,153,123,148,289,318,287
2,518748,"Grimm, Justin",113,1.8,0.5,0,0.5,0.5,0.441,0.424,0.44,1,2,79,26.5,1682,82.8,83.4,0,2,0,0.6000000000000085,6.8,122,155,132,169,300,323,304
2,656420,"Feyereisen, J.P.",150,1.3,,,,,,,,,,,,2838,82.7,82.35,0,2,0,-0.4000000000000057,5.95,113,154,120,145,296,321,293
2,671790,"Bolaños, Ronald",73,2.7,1,3,,4,1.979,1.342,0.727,1,1,100.4,28,2616,85.9,86.35,0,2,0,0.3999999999999915,6.2,99,141,128,144,308,330,311
2,445926,"Chavez, Jesse",305,0.7,0.5,0,0.5,0.5,0.441,0.294,0.304,1,2,94.2,23.5,2238,80.9,80.95,0,2,0,0.09999999999999432,6.15,112,152,118,149,312,327,292
2,650671,"Quijada, José",89,2.2,0,0,0,0,0,0.337,0.373,0,1,98.6,1,2527,81,81.25,0,2,0,0.29999999999999716,6.35,104,141,117,143,314,322,305
2,669432,"Rogers, Trevor",568,0.4,1,1,1,2,1.238,0.558,0.453,1,1,101.3,20,2136,81.8,82.5,0,2,0,0.7000000000000028,6.95,91,144,118,142,326,321,296
2,605335,"Leibrandt, Brandon",150,1.3,0,0,0,0,0,0.028,0.02,0,1,87.4,62,2472,84.8,85.4,0,2,0,0.6000000000000085,6.45,112,162,137,150,300,316,292
2,605483,"Snell, Blake",872,0.2,0,0,0,0,0,0.007,0.007,0,1,92.5,53,2336,87.1,88.2,0,2,0,1.2000000000000028,7.05,119,165,114,156,312,320,296
2,664350,"Sánchez, Sixto",559,0.4,1,0,1,1,0.883,0.251,0.267,1,1,91.1,21,2403,83.3,83.15,0,2,0,-0.09999999999999432,6.15,101,153,106,147,319,320,280
2,445213,"Kintzler, Brandon",343,0.6,0,0,0,0,0,0.333,0.327,0,1,72,39,2342,85.5,86.35,1,2,0,0.8999999999999915,6.5,95,143,109,140,280,287,269
2,622072,"Wood, Alex",282,0.7,0.5,0,0.5,0.5,0.441,0.384,0.384,1,2,77.6,32.5,2176,84.8,84.85,0,2,0,0,6.25,123,162,119,148,299,316,297
2,521230,"Hendriks, Liam",370,0.5,0,0,0,0,0,0.006,0.007,0,1,98,47,1974,86.3,87.15,0,2,0,0.9000000000000057,6.8,111,146,116,146,297,321,292
2,607074,"Rodón, Carlos",133,1.5,0,0,0,0,0,0,0,0,1,99.2,49,2485,83.2,83.1,0,2,0,-0.10000000000000853,6.1,115,151,120,150,302,325,292
2,592612,"Osich, Josh",304,0.7,0,0,,0,0,0,,0,1,,,2122,76.3,76.35,1,2,0,0,6.1,107,144,132,150,276,317,290
2,668941,"Romero, JoJo",170,1.2,,,,,,,,,,,,2622,84.5,82.75,1,2,0,-1.6000000000000085,5.3,109,152,114,151,293,322,298
2,518633,"Duffy, Danny",943,0.2,1,3,,4,1.979,1.769,0.893,1,1,106.7,34,2215,80.7,81.55,1,2,0,0.8999999999999915,6.75,111,156,121,144,312,334,300
2,642203,"Widener, Taylor",364,0.5,,,,,,,,,,,,2253,85.6,86.75,0,2,0,1.2999999999999972,6.9,116,155,121,153,300,326,300
2,676220,"Elledge, Seth",231,0.9,0.5,0.5,0.5,1,0.619,0.292,0.256,1,2,90.6,0.5,2444,83.3,83.55,0,2,0,0.29999999999999716,6,100,155,110,150,299,323,302
2,628711,"Urías, Julio",875,0.2,0,0,0,0,0,0.104,0.116,0,1,81.1,-16,2697,87.2,86.9,0,2,0,-0.29999999999999716,5.6,101,154,118,149,302,315,284
2,623149,"Sewald, Paul",129,1.6,0,0,0,0,0,0.026,0.02,0,1,83.6,61,2075,80.1,80.35,0,2,0,0.20000000000000284,6.3,101,139,129,137,291,318,285
2,542888,"Armstrong, Shawn",237,0.8,0,0,0,0,0,0.241,0.268,0,1,100.3,-5,2776,82.7,83.35,0,2,0,0.5999999999999943,6.5,103,131,108,122,301,323,288
2,624647,"González, Victor",290,0.7,1,1,1,2,1.238,0.782,0.74,1,1,100.8,15,2482,84.7,85.2,0,2,0,0.5,6.45,104,165,126,150,284,319,306
2,543507,"May, Trevor",411,0.5,0,0,0,0,0,0.019,0.013,0,1,84.9,65,2447,84.6,85.65,0,2,0,1.2000000000000028,6.75,124,152,98,153,290,329,287
2,665759,"Rosso, Ramón",194,1,,,,,,,,,,,,2519,85,84.85,1,2,0,-0.20000000000000284,6,89,152,122,141,297,330,294
2,656547,"Holder, Jonathan",397,0.5,0.5,0.5,0.5,1,0.619,0.119,0.128,1,2,95.5,19,2603,79.9,80.05,0,2,0,0.09999999999999432,6.1,119,150,136,153,301,326,286
2,650556,"Abreu, Bryan",76,2.6,0,0,0,0,0,0.191,0.183,0,2,93,38.5,2549,85.3,85.1,0,2,0,-0.20000000000000284,6.25,123,160,103,154,280,315,293
2,621381,"Strahm, Matt",308,0.6,1,0,1,1,0.883,0.738,0.8,1,1,76.3,16,2461,87,86.75,0,2,0,-0.20000000000000284,5.9,105,150,116,150,294,320,290
2,665733,"Santos, Antonio",133,1.5,1,3,,4,1.979,2,1,1,1,109.2,29,1791,82.5,83,0,2,0,0.5,6.55,123,156,122,149,303,333,310
2,608652,"Farrell, Luke",119,1.7,1,1,1,2,1.238,0.97,0.643,2,2,101.1,24,2468,81.2,80.9,0,2,0,-0.29999999999999716,6.05,116,157,118,150,309,325,278
2,657240,"Merryweather, Julian",233,0.9,,,,,,,,,,,,2096,85.9,86.35,2,2,0,0.5,6.55,85,146,116,142,309,317,287
2,666674,"Colina, Edwar",24,8.3,1,0,1,1,0.883,0.354,0.382,2,2,92.5,-2,2812,83.1,81.6,0,2,0,-1.5,5.25,89,129,101,129,293,327,287
2,664054,"Stashak, Cody",223,0.9,0,0,0,0,0,0.759,0.587,0,1,103,20,2209,82.4,82.05,1,2,0,-0.4000000000000057,5.75,107,152,109,147,298,342,290
2,593974,"Peralta, Wandy",488,0.4,0,0,0,0,0,0.147,0.122,0,1,49,-75,2329,88,88.1,0,2,0,0.09999999999999432,6.15,107,146,113,152,275,319,295
2,573204,"Thielbar, Caleb",371,0.5,,,,,,,,,,,,2472,78.2,78.7,0,2,0,0.5,6.55,112,154,122,149,303,326,297
2,606944,"Carroll, Cody",83,2.4,1,1,1,2,1.238,0.663,0.527,1,1,102,21,2602,82.1,81.85,0,2,0,-0.29999999999999716,6.3,116,153,111,149,295,313,291
2,608344,"Irvin, Cole",82,2.4,1,0,1,1,0.883,0.45,0.5,1,1,100.1,5,1965,85,84.1,0,2,0,-0.8000000000000114,6.1,121,165,133,150,298,329,298
2,664353,"Urquidy, José",429,0.5,0,0,0,0,0,0.702,0.773,0,1,85.3,13,2601,78.9,78.1,0,2,0,-0.7000000000000028,5.85,101,151,122,151,296,324,300
2,676051,"Heuer, Codi",374,0.5,1,0,1,1,0.883,0.684,0.62,1,1,104.5,16,2190,87.7,89.4,0,2,0,1.7000000000000028,7.15,102,149,130,154,307,338,308
2,600968,"Rosario, Randy",85,2.4,,,,,,,,,,,,2258,84.9,84.3,1,2,0,-0.5,5.65,116,162,106,149,301,315,311
2,647336,"Soroka, Mike",199,1,0,0,0,0,0,0.462,0.513,0,1,100.8,6,2565,83,81.6,0,2,0,-1.4000000000000057,5.3,88,131,100,147,298,336,297
2,572888,"Greene, Shane",398,0.5,0.5,0,0.5,0.5,0.441,0.163,0.153,1,2,77.8,57.5,2469,82.3,81.45,0,2,0,-0.8999999999999915,5.6,114,155,118,152,323,335,295
2,528748,"Castellanos, Humberto",207,1,0,0,0,0,0,0.425,0.334,0,2,99.1,16.5,1994,87,86.9,0,2,0,-0.09999999999999432,6.1,123,150,134,154,294,321,310
2,642121,"Sulser, Cole",416,0.5,1,1,1,2,1.238,0.917,0.913,1,1,100.8,12,2254,87,87.7,0,2,0,0.7000000000000028,6.55,111,154,123,149,295,325,296
2,519008,"McFarland, T.J.",331,0.6,1,0.5,1,1.5,1.06,0.718,0.68,2,2,98,17,2297,79.4,78.55,0,2,0,-0.7999999999999972,5.8,112,141,122,147,313,323,295
1,518715,"Gearrin, Cory",30,3.3,0,0,0,0,0,0.165,0.093,0,1,92.6,34,,85.2,84.9,0,1,0,-0.29999999999999716,5.8,118,150,109,153,310,340,305
1,573046,"Morin, Mike",41,2.4,,,,,,,,,,,,2057,79.7,80.8,0,1,0,1.0999999999999943,6.8,106,155,119,149,294,317,268
1,667463,"King, John",186,0.5,,,,,,,,,,,,2409,81.2,81,0,1,0,-0.20000000000000284,6.1,127,180,109,154,315,338,306
1,600917,"Leclerc, José",47,2.1,0,0,,0,0,0,,0,1,,,2511,82.1,80.7,1,1,0,-1.3999999999999915,5.4,85,138,109,145,310,340,307
1,642558,"Jurado, Ariel",84,1.2,,,,,,,,,,,,2213,83,83.4,0,1,0,0.4000000000000057,6.5,120,153,113,144,307,330,290
1,592773,"Stanek, Ryne",189,0.5,0,0,0,0,0,0,0,0,1,90.5,57,2293,87.6,86.7,0,1,0,-0.8999999999999915,6.1,97,150,121,151,308,322,272
1,533167,"Shoemaker, Matt",446,0.2,,,,,,,,,,,,1954,82.6,81.8,0,1,0,-0.7999999999999972,6.1,86,149,121,147,304,318,294
1,445276,"Jansen, Kenley",446,0.2,,,,,,,,,,,,2314,80.4,81.7,0,1,0,1.2999999999999972,6.9,114,155,110,149,313,330,290
1,606303,"Payamps, Joel",59,1.7,,,,,,,,,,,,2561,83.8,83.4,0,1,0,-0.3999999999999915,6.2,108,156,122,151,310,331,293
1,656913,"Romero, Seth",66,1.5,,,,,,,,,,,,1989,81.6,81.3,0,1,0,-0.29999999999999716,6.1,113,135,142,112,287,333,304
1,598286,"Ramirez, Nick",186,0.5,1,3,,4,1.979,1.337,0.7,1,1,101.1,30,2125,84.1,83.2,0,1,0,-0.8999999999999915,5.8,116,152,126,141,300,334,288
1,656794,"Newcomb, Sean",300,0.3,0,0,0,0,0,0.217,0.18,0,1,95,27,2948,80.2,79.6,0,1,0,-0.6000000000000085,5.9,111,150,125,151,317,336,294
1,593144,"Rodríguez, Richard",391,0.3,0,0,0,0,0,0.354,0.393,0,1,85.8,1,2401,79.7,80.5,0,1,0,0.7999999999999972,6.7,109,146,91,155,289,324,295
1,607231,"Gant, John",240,0.4,,,,,,,,,,,,2734,85,85.8,0,1,0,0.7999999999999972,6.3,111,151,116,148,291,318,283
1,656977,"Sobotka, Chad",81,1.2,0,0,0,0,0,0.044,0.033,0,1,89.1,37,,83.7,83.7,0,1,0,0,6.2,113,156,125,151,319,337,295
1,571858,"Kline, Branden",88,1.1,,,,,,,,,,,,2321,85.1,84.8,0,1,0,-0.29999999999999716,5.8,107,157,123,149,301,313,278
1,658551,"Fernández, Junior",61,1.6,1,0,1,1,0.883,0.669,0.667,1,1,93.6,17,1817,83.5,84.1,0,1,0,0.5999999999999943,6.5,112,156,118,151,307,316,293
1,621295,"Wittgren, Nick",377,0.3,0,0,0,0,0,0.318,0.353,0,1,97,-2,2458,84.7,85.2,0,1,0,0.5,6.4,108,153,123,151,286,301,279
1,641656,"Hamilton, Ian",83,1.2,0,0,0,0,0,0.006,0.007,0,1,94.7,57,1699,82.5,81.6,0,1,0,-0.9000000000000057,5.7,125,144,148,154,288,320,301
1,572021,"Pazos, James",131,0.8,,,,,,,,,,,,2210,81.1,82.4,0,1,0,1.3000000000000114,6.8,123,153,94,149,284,310,312
1,592314,"Foltynewicz, Mike",70,1.4,0,0,0,0,0,0,0,0,1,85.3,73,2401,78.2,78,0,1,0,-0.20000000000000284,6.3,122,150,99,155,308,344,304
1,665093,"Grotz, Zac",202,0.5,1,3,,4,1.979,1.537,0.913,1,1,104.7,23,2290,84.8,84.8,0,1,0,0,6.5,105,142,115,139,304,321,295
1,596035,"McClain, Reggie",98,1,1,0,1,1,0.883,0.907,0.94,1,1,95.2,13,2296,82.3,82.6,0,1,0,0.29999999999999716,6.1,88,147,120,139,305,322,277
1,657612,"Hill, Tim",348,0.3,0,0,0,0,0,0,0,0,1,88.5,49,1983,79.1,80,0,1,0,0.9000000000000057,7.1,125,146,116,152,275,319,318
1,456701,"Bailey, Homer",133,0.8,1,3,,4,1.979,2,1,1,1,106.3,35,1833,84.1,84.2,0,1,0,0.10000000000000853,6.1,87,149,116,146,303,339,287
1,640470,"Alzolay, Adbert",387,0.3,,,,,,,,,,,,2761,86.2,86.3,0,1,0,0.09999999999999432,6.3,119,153,116,144,314,335,286
1,502578,"Barrett, Aaron",31,3.2,0,0,0,0,0,0.85,0.66,0,1,105.6,18,2242,82.6,81.5,0,1,0,-1.0999999999999943,5.7,110,142,119,149,309,309,290
1,571704,"Giles, Ken",69,1.4,0,0,0,0,0,0.268,0.294,0,1,103.3,-4,1843,83,81.7,0,1,0,-1.2999999999999972,5.7,114,152,120,156,318,323,282
1,656240,"Blewett, Scott",62,1.6,0,0,0,0,0,0.346,0.327,0,1,66.3,46,2136,81.3,82.7,0,1,0,1.4000000000000057,7.3,118,150,118,147,290,309,274
1,663734,"Neidert, Nick",132,0.8,0,0,,0,0,0,,0,1,,,2349,88,87.6,1,1,0,-0.4000000000000057,6.1,86,143,141,138,282,306,303
1,660271,"Ohtani, Shohei",80,1.3,,,,,,,,,,,,2288,79.7,80.3,0,1,0,0.5999999999999943,6.7,86,147,117,135,313,326,283
1,642578,"Rodriguez, Jose",39,2.6,,,,,,,,,,,,920,83.1,82.9,0,1,0,-0.19999999999998863,6.1,100,151,114,146,319,330,304
1,670056,"Baragar, Caleb",349,0.3,,,,,,,,,,,,2906,83.5,83.5,0,1,0,0,6.1,111,154,95,146,291,318,284
1,621111,"Buehler, Walker",600,0.2,0,0,0,0,0,0,0,0,1,86.6,71,3051,86.6,87.5,0,1,0,0.9000000000000057,6.3,86,147,113,143,307,317,282
1,572193,"Tepera, Ryan",369,0.3,,,,,,,,,,,,2296,80.8,81.1,0,1,0,0.29999999999999716,6.3,87,154,109,147,301,329,306
1,669145,"Zimmermann, Bruce",107,0.9,1,0,1,1,0.883,0.378,0.413,1,1,97.4,2,2546,84,84.1,0,1,0,0.09999999999999432,6.2,125,173,145,154,292,326,307
1,645307,"Sánchez, Ricardo",117,0.9,,,,,,,,,,,,2517,83.7,84.5,0,1,0,0.7999999999999972,6.5,115,132,109,144,296,319,307
1,669459,"Nelson, Kyle",25,4,,,,,,,,,,,,2813,82.3,82.6,0,1,0,0.29999999999999716,5.9,116,155,125,152,307,312,259
1,672911,"Cruz, Jesus",39,2.6,1,1,1,2,1.238,0.973,0.587,1,1,98.9,26,2243,81.6,80.9,0,1,0,-0.6999999999999886,5.7,87,126,89,126,286,323,297
1,595411,"Sherriff, Ryan",126,0.8,,,,,,,,,,,,2410,81.9,81.6,0,1,0,-0.30000000000001137,6.4,110,154,118,149,306,312,284
1,656557,"Houck, Tanner",265,0.4,,,,,,,,,,,,2447,83.2,83.2,0,1,0,0,6.2,114,148,105,151,304,329,295
1,570488,"Valdez, Phillips",509,0.2,0,0,0,0,0,0.567,0.593,0,1,71.8,31,2437,83.5,84.7,0,1,0,1.2000000000000028,7,116,147,109,135,267,318,294
1,543883,"Vincent, Nick",323,0.3,0,0,0,0,0,0.206,0.218,0,1,76.8,4,2500,82.5,82.1,0,1,0,-0.4000000000000057,5.9,90,148,120,150,297,314,283
1,621593,"Castro, Anthony",17,5.9,0,0,0,0,0,0.034,0.027,0,1,78.6,41,2737,83.3,83.9,0,1,0,0.6000000000000085,6.8,112,151,126,149,301,325,281
1,641778,"Lauer, Eric",244,0.4,,,,,,,,,,,,2194,81.9,81.7,0,1,0,-0.20000000000000284,5.8,87,153,121,146,306,325,292
1,518649,"Eibner, Brett",68,1.5,,,,,,,,,,,,2291,83.2,84.2,0,1,0,1,6.5,95,151,120,149,318,334,298
1,592741,"Shreve, Chasen",422,0.2,,,,,,,,,,,,2291,78.9,79,1,1,0,0.09999999999999432,6.5,123,149,177,119,285,312,297
1,656004,"Sanabria, Carlos",49,2,1,1,1,2,1.238,0.154,0.093,1,1,90.6,32,2355,80.9,80.9,0,1,0,0,6.3,126,152,120,154,289,327,303
1,650633,"King, Michael",470,0.2,0,0,0,0,0,0.018,0.013,0,1,82.7,47,2475,82.5,82.1,0,1,0,-0.4000000000000057,5.9,114,158,122,150,312,329,280
1,657624,"James, Josh",340,0.3,0,0,0,0,0,0.007,0.007,0,1,85.7,47,2543,85.8,85.4,0,1,0,-0.3999999999999915,6,115,158,97,149,287,319,271
1,656605,"Keller, Mitch",385,0.3,,,,,,,,,,,,2338,86.6,87.1,1,1,0,0.5,6.1,112,150,99,144,288,299,285
1,669211,"Akin, Keegan",500,0.2,,,,,,,,,,,,2418,79,78.3,0,1,0,-0.7000000000000028,6,120,171,146,153,303,331,312
1,623437,"Topa, Justin",119,0.8,0,0,0,0,0,0.125,0.087,0,1,91,31,2650,83.6,82.8,0,1,0,-0.7999999999999972,5.8,86,153,121,148,295,308,282
1,592094,"Adam, Jason",260,0.4,,,,,,,,,,,,2829,81.8,83.6,0,1,0,1.7999999999999972,6.8,122,148,110,146,310,326,282
1,606160,"Montero, Rafael",289,0.3,,,,,,,,,,,,2250,83.5,83.9,0,1,0,0.4000000000000057,6.2,103,150,115,146,307,330,293
1,476594,"Stock, Robert",253,0.4,0,0,0,0,0,0.298,0.331,0,1,85.8,1,2646,85.9,86.3,0,1,0,0.3999999999999915,6.4,113,141,110,141,275,324,291
1,657141,"Yamamoto, Jordan",270,0.4,,,,,,,,,,,,3057,79.1,78.5,0,1,0,-0.5999999999999943,6.3,123,149,108,150,296,321,270
1,676831,"Whitley, Kodi",77,1.3,,,,,,,,,,,,1938,80,78.7,1,1,0,-1.2999999999999972,5.7,123,171,118,152,311,328,313
1,592833,"Wahl, Bobby",38,2.6,1,3,,4,1.979,2,1,1,1,105.5,27,2327,81.3,82.5,0,1,0,1.2000000000000028,6.9,114,155,116,147,294,312,298
1,677651,"Garcia, Luis",203,0.5,0,0,0,0,0,0.108,0.116,0,1,82.6,-8,2380,79.6,79.2,0,1,0,-0.3999999999999915,6.1,117,156,123,151,303,319,290
1,605135,"Bassitt, Chris",946,0.1,,,,,,,,,,,,2208,78.7,79.1,0,1,0,0.3999999999999915,6.7,114,152,119,149,296,324,300
1,675921,"Howard, Spencer",439,0.2,,,,,,,,,,,,2365,84.1,84.8,1,1,0,0.7000000000000028,6.7,119,153,117,150,303,329,290
1,543606,"Odorizzi, Jake",283,0.4,0,0,0,0,0,0.007,0.007,0,1,91.6,62,2071,84.5,84.7,0,1,0,0.20000000000000284,6,108,155,118,146,324,344,307
1,605143,"Black, Ray",67,1.5,0,0,0,0,0,0.028,0.02,0,1,86.9,62,2932,81.5,81.8,0,1,0,0.29999999999999716,6.3,116,154,91,154,296,311,303
1,592346,"González, Chi Chi",347,0.3,1,0,1,1,0.883,0.6,0.667,1,1,101,8,2425,85.1,84.6,0,1,0,-0.5,5.7,125,154,121,152,282,314,301
1,681911,"Vesia, Alex",133,0.8,,,,,,,,,,,,2352,84.2,84.7,1,1,0,0.5,6.3,116,148,116,154,298,318,290
1,595897,"Burdi, Nick",46,2.2,0,0,,0,0,0,,0,1,,,,89.1,89.2,1,1,0,0.10000000000000853,6.1,113,153,123,151,310,320,309
1,605276,"Hess, David",116,0.9,,,,,,,,,,,,2275,79,78.6,0,1,0,-0.4000000000000057,6.1,115,154,125,144,290,312,289
1,641341,"Bashlor, Tyler",132,0.8,,,,,,,,,,,,2393,80.6,80.7,0,1,0,0.10000000000000853,6.4,104,154,122,148,327,332,292